Customer;SSN;Birthdate;Age;Region;CredCardUser;Income;Purchases;AmtSpent
1;539-84-9599;26/10/44;77; East;0;62900;4;2080
2;444-05-4079;01/01/32;67;West;1;23300;0;0
3;418-18-5649;17/08/73;25;East;1;48700;8;3990
4;065-63-3311;02/08/47;51;West;1;137600;2;920
5;059-58-9566;03/10/48;50;East;0;101400;2;1000
6;443-13-8685;24/03/60;39;East;0;139700;1;550
7;638-89-7231;02/12/43;55;South;1;50900;3;1400
8;202-94-6453;08/11/74;24;South;1;50500;0;0
9;266-29-0308;28/09/67;31;North;0;151400;2;910
10;943-85-8301;05/07/65;33;West;0;88300;2;1080
11;047-07-5332;13/11/64;34;North;0;120300;3;1390
12;503-14-3400;21/03/34;65;East;0;25800;1;560
13;690-97-5817;29/12/60;38;West;0;65500;1;410
14;614-59-6703;01/08/72;26;South;1;54400;9999;9999
15;704-98-5642;01/05/52;46;North;0;54500;7;3570
16;588-92-9590;29/08/39;59;South;0;143500;2;1070
17;267-58-0440;05/04/57;42;East;1;40500;2;950
18;833-81-4506;01/11/67;31;West;1;61900;2;930
19;645-20-8840;02/03/58;41;West;1;106300;2;1010
20;700-29-4704;10/01/33;66;South;0;133700;3;1570
21;443-16-6366;28/11/38;60;South;1;101900;3;1560
22;932-34-0537;22/09/47;51;West;0;83000;3;1440
23;943-09-9693;08/12/76;22; North;1;150500;0;0
24;429-27-7896;08/09/30;68; North;0;24600;2;1080
25;977-81-8641;03/07/62;36;East;0;108500;6;3220
26;637-52-5564;28/01/53;46; East;0;92600;5;2260
27;208-24-5411;05/11/45;53;East;0;129100;1;580
28;326-15-9711;08/02/62;37; East;1;101500;2;1040
29;437-20-5008;20/10/41;57; East;0;75800;3;1640
30;168-38-3752;10/01/51;48;East;0;80500;7;3640
31;564-00-1130;19/06/30;68;East;1;151000;5;2460
32;151-72-6670;17/06/49;49;North;1;36800;3;1520
33;508-92-0528;23/01/67;32;East;0;130100;0;0
34;659-67-6522;03/02/42;57; West;0;43800;1;510
35;166-81-0189;28/01/39;60;North;1;103800;3;1630
36;071-68-0276;04/06/66;32;North;0;20100;3;1520
37;498-98-3229;13/04/73;26;North;0;84300;3;1700
38;267-99-6806;08/07/57;41;East;1;123700;5;2700
39;356-51-5288;20/10/47;51;East;0;132300;4;1910
40;081-45-2678;31/01/50;49;South;0;147300;2;1040
41;006-59-5729;07/11/42;56;West;1;59100;7;460
42;176-72-8671;24/04/62;36;South;0;133200;4;2230
43;053-13-0416;21/01/30;69;West;1;146300;1;480
44;069-34-0131;04/02/68;31;South;0;138900;2;1150
45;710-56-1876;15/05/73;25;East;1;145700;1;520
46;926-75-2882;14/06/74;24;North;0;93900;2;1000
47;601-10-4503;19/12/48;50;East;1;9999;2;1020
48;309-29-2521;19/05/61;37;West;1;92600;3;1490
49;539-79-0361;23/02/72;27;East;0;94900;1;520
50;912-79-4136;09/04/57;42;North;0;108700;2;1060
51;669-39-4544;05/10/33;65;West;0;149;2;1010
52;318-19-1132;25/01/60;39;East;0;158700;2;980
53;300-80-8755;28/06/53;45;South;0;34900;1;430
54;081-96-6992;14/05/46;52;South;1;54500;8;4030
55;183-43-4916;22/10/32;66;East;0;154200;7;3410
56;811-50-5929;14/06/37;61; East;0;86200;3;1490
57;380-14-0708;02/10/65;33; East;0;76000;3;1620
58;878-86-4832;16/10/56;42;South;1;25900;1;530
59;716-43-4054;17/01/63;36;South;1;92900;1;520
60;893-32-5390;18/02/45;54;South;1;49100;5;2580
61;104-36-4033;04/07/43;55;East;0;107800;2;1050
62;001-80-6937;27/12/54;44;West;1;44000;4;2020
63;147-88-6983;13/05/49;49;South;0;75600;3;1400
64;205-84-3572;17/05/27;71;East;0;50500;1;490
65;745-24-4400;09/11/49;49;North;1;63800;5;2660
66;635-32-9235;01/05/59;39;South;1;156400;0;0
67;091-68-3326;08/03/67;32;West;0;143200;1;490
68;158-84-9070;06/05/41;57;North;0;63200;5;2500
69;606-84-6807;14/02/38;61;North;1;53300;3;1470
70;091-01-0397;08/09/45;53;East;0;143200;5;2520
71;472-87-6263;01/02/49;50;East;0;41900;2;960
72;033-31-9733;21/07/47;51;West;1;75300;3;1610
73;660-23-9075;14/10/57;41;North;0;61700;1;430
74;670-03-5222;15/09/47;51;North;0;62900;3;1540
75;035-33-5471;03/09/62;36;South;1;57200;4;1870
76;701-16-7956;08/06/52;46;South;0;28600;2;980
77;812-53-3925;21/08/51;47;North;0;54800;4;2060
78;928-03-6804;30/06/57;41;North;1;99000;2;1010
79;563-59-2002;25/12/44;54; South;0;32200;6;3350
80;921-76-8114;26/02/56;43;West;0;157300;5;2690
81;717-33-3321;03/09/56;42;East;0;159500;3;1500
82;806-85-0231;15/02/63;36; East;0;51800;1;440
83;706-95-2886;28/02/68;31;East;0;90700;2;1070
84;024-35-0030;17/08/32;66;North;0;145000;4;2000
85;498-89-2407;01/06/49;49;North;0;61300;1;500
86;766-80-1760;17/12/51;47;West;0;46800;2;910
87;993-16-6395;04/01/40;59;East;1;132900;2;1050
88;306-91-7822;18/06/76;22;West;0;22300;6;2970
89;527-22-2738;20/10/62;36;North;0;157100;5;2440
90;968-69-0478;28/02/33;66; North;1;74700;5;2500
91;136-57-5577;01/01/67;32;West;1;61200;1;500
92;374-74-5181;30/08/39;59;South;1;104600;3;1580
93;547-29-5276;05/03/43;56;South;1;159400;3;1490
94;238-06-2858;28/11/33;65;North;0;90900;4;1850
95;786-57-2428;06/03/67;32;North;1;99600;3;1440
96;690-64-5343;22/11/37;61;West;0;26500;1;430
97;670-96-4031;29/05/54;44;East;0;34000;0;0
98;141-37-6975;28/07/62;36;East;0;105500;3;1650
99;529-62-7010;14/10/36;62;South;0;113200;1;580
100;356-92-4512;01/05/67;31;East;0;117300;0;0
101;836-01-9399;08/07/47;51;North;0;53100;3;1580
102;364-39-3617;02/03/74;25;North;0;29100;2;980
103;551-20-4111;01/07/46;52;North;1;159300;3;1370
104;867-05-5859;15/04/53;45;West;0;53500;2;1050
105;979-54-8523;23/12/68;30;South;0;49900;4;2250
106;739-54-0181;21/09/67;31;North;0;128200;3;1480
107;138-16-7186;06/08/51;47;West;1;131900;5;2550
108;196-33-5985;27/11/37;61;South;0;56100;2;970
109;280-07-3023;04/08/43;55;West;0;24300;3;460
110;446-98-7404;11/09/76;22;East;1;57000;3;1450
111;120-59-5525;09/01/70;29;North;1;35100;1;480
112;227-25-4383;08/08/72;26;North;1;38900;4;1820
113;148-22-2476;07/05/75;23;South;0;104800;4;2160
114;540-01-0871;24/08/39;59;East;0;101100;2;980
115;827-61-3957;23/01/51;48;North;1;104800;1;470
116;388-77-5287;10/10/43;55;North;0;131000;2;1010
117;664-07-3617;01/11/42;56;West;1;60600;3;1480
118;196-36-5435;21/01/34;65;East;0;87200;3;1590
119;763-45-1991;16/06/56;42;North;0;120400;6;3000
120;779-58-0888;01/04/76;23;South;0;82400;3;1540
121;345-16-5545;08/07/59;39;West;1;112700;3;450
122;875-06-3762;04/01/67;32;South;1;74600;5;2510
123;088-19-7329;16/09/63;35;West;0;22900;3;1650
124;226-86-1007;16/04/34;64;West;1;127000;1;560
125;947-29-8137;05/07/37;61;South;0;28000;3;1460
126;878-73-4511;25/12/53;45;North;1;51400;5;2410
127;005-83-0032;13/09/50;48;West;1;122400;3;1460
128;214-25-9429;03/07/41;57;West;1;62300;0;0
129;072-31-6181;07/12/30;68;East;1;30000;7;3430
130;086-90-9306;12/02/37;62;South;0;94800;1;480
131;245-34-6151;23/01/34;65; East;0;32300;4;2110
132;338-43-2322;03/10/36;62;West;0;33700;5;2630
133;475-72-9956;03/05/31;67;West;1;84800;6;3010
134;112-14-2487;06/04/75;24;East;0;119800;3;1570
135;356-81-4354;07/07/50;48; South;0;45100;3;1530
136;984-60-9162;14/01/46;53;West;1;73500;3;1680
137;794-37-2075;03/12/39;59;South;0;60300;2;990
138;685-49-2360;03/08/36;62;South;0;30000;6;3000
139;387-87-8995;29/12/36;62;East;1;111300;1;510
140;052-10-4037;06/05/41;57; South;1;74800;2;940
141;679-47-7511;24/02/50;49;East;0;55000;3;1380
142;042-87-5011;02/08/47;51;East;1;127500;4;1950
143;296-22-7981;06/02/52;47;South;0;38500;1;520
144;293-45-1188;26/11/34;64;North;0;126900;3;1510
145;795-49-1529;28/02/62;37; West;0;136900;2;920
146;729-96-6009;07/02/31;68;South;0;27500;2;1080
147;912-87-9911;06/06/74;24;East;0;74700;1;470
148;237-88-3817;11/08/29;-31;South;0;63800;8;3960
149;640-10-2682;28/12/73;25;West;0;40400;2;990
150;845-40-9466;28/06/67;31;West;0;34500;3;1550
151;161-55-1347;24/04/41;57;East;1;65700;4;1970
152;766-34-9778;06/02/38;61;North;1;54100;2;970
153;048-55-8930;05/09/34;64;West;1;64400;9999;9999
154;978-49-9213;21/02/74;25;North;1;155900;2;990
155;311-92-3454;15/08/55;43;North;0;134900;2;910
156;004-59-9799;12/06/38;60; North;0;79700;2;980
157;381-82-6591;03/04/50;49;East;0;95600;1;490
158;401-48-9373;05/11/54;44;East;0;110700;4;2110
159;680-00-1375;28/09/48;50; North;1;139500;4;2050
160;681-91-9241;12/03/39;60;South;1;97300;4;1960
161;903-74-1242;14/05/53;45;West;0;47800;4;1980
162;983-99-2656;14/02/37;62;North;0;128100;2;1040
163;711-72-5796;20/09/36;62;North;0;158700;2;480
164;257-52-2928;03/04/69;30;West;1;47300;2;1070
165;934-95-6742;17/03/42;57;East;1;80600;3;1510
166;668-39-5208;23/06/51;47;North;0;31100;6;2920
167;071-41-4982;17/07/75;23;South;1;26600;3;1590
168;898-97-1835;31/08/51;47;East;0;67400;2;930
169;368-55-5341;17/07/50;48;South;0;111300;4;2030
170;843-38-7171;05/09/43;55;West;0;141800;6;2930
171;595-40-8667;11/05/43;55;West;1;146000;4;1950
172;041-89-5328;14/02/38;61;East;1;102100;1;510
173;836-76-9797;11/08/66;32;East;0;81500;3;1470
174;240-78-9827;09/01/30;69;East;0;29900;2;960
175;081-21-6057;07/10/35;63;South;1;47000;4;2020
176;668-26-5505;05/10/39;59;North;0;45000;1;490
177;504-11-1370;30/03/47;52;South;0;74000;1;500
178;914-72-8993;22/10/50;48;West;1;32700;5;2540
179;798-56-6203;02/06/64;34;West;0;55500;4;2140
180;135-53-6004;08/06/46;52;South;0;75400;2;1030
181;768-31-6143;23/07/44;54;North;0;51500;5;2700
182;106-76-7765;10/09/62;36;West;0;113200;1;450
183;568-67-3235;04/06/63;35;South;1;84900;3;1640
184;749-13-4045;22/08/30;68;South;1;120600;2;1060
185;958-01-0608;29/04/57;41;North;1;94100;3;1530
186;663-10-0871;25/04/55;43;North;1;122500;4;2020
187;970-73-9521;28/04/75;23;North;0;158100;2;900
188;058-37-2441;14/11/65;33;East;1;116300;2;910
189;848-65-2949;23/09/34;64;West;0;113000;2;890
190;350-19-4965;29/12/62;36;South;0;79100;1;560
191;927-89-2673;04/04/72;27;North;0;53800;4;1990
192;907-46-7393;10/07/39;59;West;1;139300;2;1110
193;194-51-2699;19/06/37;61;West;1;128700;4;2000
194;805-67-0224;10/07/43;55; West;0;42600;3;1460
195;612-34-1280;16/10/34;64;West;1;114400;6;3180
196;181-87-5635;17/12/65;33;East;1;125300;1;500
197;842-08-2108;01/12/72;26;South;0;39800;2;1000
198;616-28-4605;01/11/63;35;North;0;79300;2;930
199;014-61-7801;19/08/73;25; North;1;77800;2;1050
200;314-15-4994;21/11/51;47;South;1;27000;5;2590
201;139-10-7980;12/09/57;41;West;1;55900;4;1970
202;554-39-9975;25/02/68;31;North;0;68600;1;450
203;166-49-2456;26/04/40;58;West;1;90800;4;1890
204;329-16-1715;18/10/42;56;East;0;121400;4;1890
205;315-66-4727;04/12/43;55; North;0;23200;0;0
206;089-59-1345;04/04/55;44;South;0;58300;2;960
207;257-73-8874;14/07/70;28;South;0;89900;1;490
208;862-39-6932;22/05/37;61;East;1;154100;4;2000
209;234-21-0404;05/10/51;47;South;0;83900;2;960
210;805-78-8752;21/02/47;52;West;1;87100;1;500
211;130-32-9797;15/08/49;49;North;1;56000;5;2570
212;810-32-9755;18/10/62;36;North;1;63100;3;1520
213;347-12-6942;24/12/41;57;North;1;141800;3;1570
214;865-98-4398;25/06/53;45;East;0;101000;0;0
215;416-41-5038;18/01/58;41;West;1;128000;1;520
216;362-37-6183;21/06/72;26;East;1;110600;4;1930
217;206-36-4571;15/08/67;31;South;0;109100;2;1040
218;648-82-5612;15/01/39;60;North;0;126500;4;2120
219;598-63-4290;12/08/53;45;East;0;60800;4;1980
220;148-17-5139;12/07/32;66;West;0;158600;1;560
221;277-65-0008;03/04/65;34;South;1;35200;2;910
222;921-58-5899;14/11/44;54;South;0;95000;1;490
223;853-48-3661;05/12/44;54;West;0;104100;3;1560
224;934-03-3752;28/12/40;58;South;0;33100;3;1430
225;506-69-9915;30/09/31;67; South;0;152500;2;1070
226;332-59-6137;24/08/51;47;East;0;139400;4;2130
227;580-03-8512;12/10/53;45;East;0;48400;2;1170
228;593-64-3253;23/07/44;54;West;1;77000;5;2470
229;964-27-4755;29/01/27;-28; East;0;26700;1;450
230;091-58-5378;27/05/54;44;North;1;37100;4;2030
231;120-80-7757;26/06/55;43;North;0;98700;4;1880
232;506-34-9996;17/11/48;50;West;1;97200;3;1560
233;924-59-1581;12/05/31;67;South;0;138;6;2950
234;395-58-1541;12/01/34;65;West;0;63800;2;1090
235;884-65-4305;09/05/31;67;East;0;28300;2;1060
236;892-99-3317;29/03/41;58;North;1;151700;1;440
237;494-65-2606;17/01/42;57;South;0;131100;2;1110
238;138-63-0828;22/06/67;31;East;0;25900;2;1010
239;858-19-2871;06/04/53;46;East;1;34000;4;1970
240;551-17-7662;23/06/71;27; West;0;22400;1;580
241;742-42-7288;05/04/30;69;East;0;54100;2;470
242;049-58-2871;26/11/74;24;West;0;39900;2;950
243;271-84-4247;03/02/31;68;South;1;34200;1;480
244;044-48-5965;04/03/43;56; South;0;78500;8;3880
245;732-36-7959;11/07/47;51;East;1;66700;2;1040
246;977-55-0497;12/03/59;40;West;0;113500;2;880
247;804-79-7236;04/10/34;64;West;1;142400;1;490
248;892-54-8157;15/02/46;53;North;0;105900;2;960
249;261-41-5835;16/11/34;64;West;1;46300;3;1460
250;586-87-0627;24/06/52;46;East;1;53300;9999;9999
251;972-64-3538;13/03/38;61;East;0;118000;3;1460
252;089-42-4360;21/05/65;33;North;1;41100;2;920
253;782-64-0324;19/08/68;30;South;1;105200;2;950
254;671-53-6570;11/05/53;45;East;0;57000;3;1470
255;227-69-6663;03/07/49;49;North;0;32500;3;1440
256;533-80-6965;07/07/43;55;East;1;149000;2;1120
257;920-64-7706;18/05/72;26;North;0;45500;6;3090
258;760-60-7511;17/02/39;60;North;1;93200;2;1090
259;731-52-6832;05/02/51;48;East;1;41700;3;450
260;496-45-7610;30/05/46;52;North;0;27600;4;1930
261;251-74-9797;22/01/45;54;East;0;27500;4;2090
262;078-85-9738;03/04/62;37;South;1;85100;1;490
263;282-86-1522;25/07/40;58;North;1;58900;3;1490
264;378-37-8821;28/08/41;57;West;0;105200;7;3540
265;937-42-0019;17/01/49;50;South;0;102200;2;980
266;222-65-1578;02/08/59;39;East;0;95300;6;3030
267;361-54-7583;27/02/37;62;East;1;66800;2;1020
268;565-57-3284;20/04/57;41;East;1;58300;4;1900
269;142-86-8046;15/02/48;51;West;1;53500;4;1970
270;985-78-7861;17/08/40;58;South;0;9999;2;940
271;597-27-9276;13/01/52;47;South;0;21700;4;1870
272;414-22-4812;21/12/72;26;North;1;123600;1;530
273;257-78-4740;12/08/42;56;South;0;92800;4;1930
274;189-12-1771;31/12/47;51; East;0;31900;4;2090
275;854-00-7900;19/08/71;27;North;0;49900;1;500
276;928-27-7429;12/04/37;62;West;1;31900;5;2540
277;279-05-7605;05/10/47;51;East;0;72200;1;600
278;716-10-5355;31/03/76;23; East;0;132000;2;1070
279;349-95-9773;27/07/44;54;South;1;129700;2;980
280;054-58-8104;07/08/63;35;South;0;158300;2;1120
281;442-76-6612;13/08/76;22; South;1;55600;6;3050
282;752-49-4867;20/10/37;61; East;0;136400;1;470
283;068-99-9086;26/08/49;49;West;0;86000;2;1020
284;174-78-3642;21/03/36;63;North;0;55900;5;2620
285;603-73-1482;18/11/67;31;North;0;97600;5;2490
286;777-09-2294;27/05/47;51;West;0;153000;2;1070
287;133-53-5943;22/09/35;63;North;1;20000;9999;9999
288;235-31-1095;18/12/53;45;West;0;72500;7;3470
289;081-13-7838;15/08/57;41;North;0;83600;2;1000
290;234-76-1576;19/10/76;22;South;0;90200;5;2390
291;230-20-4455;23/03/52;47;South;1;130100;0;0
292;959-45-2475;11/11/39;59;West;0;76000;6;2990
293;007-25-4693;01/09/56;42;South;0;152200;1;540
294;728-06-3395;12/07/66;32; West;0;159800;3;1300
295;076-10-0890;12/11/61;37;West;0;158700;4;2040
296;961-16-5873;12/09/65;33;West;0;68400;1;460
297;744-98-5832;07/09/62;36;South;0;144500;4;2010
298;325-41-2910;02/05/31;67;South;1;159500;1;460
299;862-31-3255;19/10/67;31; West;0;130400;3;1590
300;764-61-5558;24/01/54;45;South;0;86800;5;2560
301;984-52-9881;12/02/66;33; East;1;101400;1;540
302;662-92-2229;07/02/53;46;South;0;88700;2;1010
303;769-88-6739;17/06/63;35;East;0;50000;4;1970
304;910-51-2471;26/02/56;43;North;1;157000;2;930
305;844-85-3557;03/05/54;44;South;0;35300;1;500
306;408-84-2806;02/12/34;64;West;0;26300;3;1430
307;063-48-1761;25/05/57;41;West;0;155200;2;980
308;388-54-9400;24/11/31;67;West;0;95200;3;1550
309;219-27-1292;07/06/51;47;East;1;67700;4;2080
310;038-10-6353;10/03/42;57;West;0;98400;3;1470
311;786-42-3749;15/06/62;36;North;0;62500;5;2340
312;506-56-1313;08/10/73;25;West;0;155700;3;1590
313;614-15-8673;09/09/38;60;North;0;90000;2;1030
314;304-83-6329;13/04/43;56; North;1;93700;4;1900
315;785-96-4046;22/11/46;52;South;0;25000;5;2430
316;248-09-8827;07/04/41;58;South;1;87400;4;2230
317;865-85-3875;19/12/31;67;South;0;149900;9999;9999
318;881-27-0410;03/06/48;50;South;0;43200;2;970
319;510-65-5417;17/01/47;52;East;0;126700;4;2010
320;125-37-1477;09/04/66;33;South;0;73100;1;520
321;037-37-1991;12/07/71;27;South;0;85400;5;2590
322;859-61-4407;05/12/33;65;North;1;102800;2;1070
323;823-62-8660;24/10/76;22;East;1;88500;5;2450
324;133-99-5496;13/05/28;-30;North;0;142500;2;1000
325;508-96-1734;26/01/71;28;North;0;29600;5;2640
326;338-32-1375;05/04/74;25;West;1;94900;4;1820
327;990-12-9391;03/04/37;62;South;0;85200;4;2120
328;004-10-8303;19/10/76;22;West;1;49800;4;1940
329;133-35-4732;19/11/30;68;North;1;101700;3;1630
330;384-24-2902;14/10/57;41;West;1;80300;0;0
331;486-60-5728;30/12/34;64;East;0;65400;3;1630
332;614-02-9471;10/02/41;58;North;0;45900;4;2000
333;197-39-4449;21/07/34;64;East;0;39100;2;880
334;702-85-1018;25/08/47;51;West;1;135200;2;1040
335;682-34-2855;16/07/54;44;West;0;116800;2;1110
336;328-74-3413;25/02/46;53;South;0;94200;8;4170
337;839-88-2989;31/12/34;64;North;1;96100;3;1530
338;389-86-3710;23/08/58;40;West;0;158600;3;1600
339;733-66-1987;24/10/70;28;West;1;84400;3;1450
340;071-06-0148;03/08/71;27;North;0;62900;3;1400
341;156-16-4252;09/03/54;45;North;0;43100;3;1390
342;930-59-9609;21/06/37;61;South;1;69000;1;430
343;729-44-3056;20/06/66;32;West;1;29000;3;1570
344;244-38-5062;07/08/69;29;East;0;145500;3;1500
345;123-14-4547;29/09/73;25;North;0;29100;2;990
346;718-01-4106;11/11/67;31;East;0;119200;2;860
347;667-21-1403;10/03/34;65; South;0;34500;4;1790
348;828-53-6108;13/05/54;44;West;0;55800;3;1680
349;013-36-8187;25/03/52;47;East;1;38900;3;1370
350;760-35-3504;28/01/66;33;North;0;28000;1;540
351;782-44-7240;11/01/33;66;North;0;65400;1;560
352;121-07-9130;29/06/72;26;East;0;56200;3;1650
353;872-75-2197;06/10/47;51;East;1;137000;4;2120
354;197-52-4929;20/09/68;30;South;1;121600;3;1510
355;643-36-2129;26/04/65;33;West;0;37900;2;1090
356;070-19-1017;11/05/73;25;East;1;74100;6;2880
357;051-08-2927;16/09/38;60;West;0;54300;2;1140
358;323-74-6354;05/04/54;45;North;0;123800;3;1410
359;503-92-2818;05/07/55;43;South;0;128800;1;450
360;507-30-4038;14/08/32;66;West;0;82000;2;1080
361;971-92-9025;07/12/65;33;North;1;39900;2;1010
362;740-96-6085;03/03/58;41;East;1;75100;3;1640
363;134-73-4050;11/07/38;60;South;1;72700;3;1700
364;538-30-6612;10/03/45;54;South;1;84100;4;2060
365;733-63-5735;17/12/35;63; North;0;131500;4;2090
366;619-90-2506;20/09/47;51;South;1;90400;3;1450
367;478-29-8605;05/04/54;45;East;1;70900;3;1620
368;170-71-7865;05/04/34;65;South;0;48400;5;2730
369;283-42-4994;16/04/66;32;South;1;100000;5;2500
370;180-60-2968;03/09/43;55;South;0;117400;3;1450
371;988-17-9148;15/03/34;65;East;1;113900;4;1990
372;543-41-6718;27/05/38;60;South;0;111000;1;490
373;786-20-3490;08/07/32;66;West;1;25800;3;1610
374;607-15-8496;08/08/59;39;West;0;127700;3;1520
375;867-63-6238;17/09/71;27;West;0;29900;9999;9999
376;230-34-5487;09/01/75;24;North;1;120600;6;3000
377;516-39-0394;11/10/31;67;East;0;97600;4;1960
378;569-84-0252;16/08/53;45;West;0;156200;0;0
379;955-97-9571;20/02/70;29;North;0;77000;1;510
380;283-99-0391;29/09/62;36;West;0;144100;2;1020
381;617-24-4419;08/07/54;44;North;0;56900;0;0
382;839-56-3103;12/05/71;27; East;1;89000;1;460
383;447-40-3968;15/10/50;48;East;1;148300;5;2520
384;610-94-1399;18/03/63;36;South;0;88500;1;520
385;927-16-5466;12/09/55;43;South;0;113400;2;960
386;651-91-1281;08/07/54;44;East;1;57400;6;2920
387;841-01-2758;28/11/32;66;South;0;82800;1;520
388;467-98-0643;15/08/52;46;North;1;118400;4;2160
389;948-04-9634;19/08/73;25;West;0;34100;1;420
390;901-03-4843;15/10/32;66;South;1;62100;0;0
391;208-84-9026;30/09/54;44;North;0;61800;4;1940
392;570-33-4476;16/01/53;46;East;1;69600;2;960
393;832-40-2717;20/09/41;57;North;1;100300;1;660
394;809-85-4142;28/06/60;38;East;1;107400;6;3100
395;065-66-9401;11/08/38;60;East;0;153700;3;1560
396;666-89-9346;16/11/32;66;South;1;97500;4;2060
397;492-10-1174;14/08/59;39; South;0;96800;4;1920
398;059-49-4988;16/07/47;51;North;1;151700;1;580
399;857-20-7847;08/07/55;43;North;0;106700;3;1580
400;621-86-4986;01/10/54;44;South;0;132400;5;2650
401;788-07-8212;09/05/52;46;South;1;102000;4;2030
402;460-00-0880;29/07/67;31;South;1;65200;2;1030
403;310-43-5361;26/05/31;67;South;1;59200;4;1950
404;091-57-6111;27/02/43;56;East;0;120300;2;880
405;981-40-1611;19/06/62;36;South;0;62600;0;0
406;642-06-7906;31/07/32;66;West;0;141000;5;2530
407;241-86-3823;03/07/59;39;East;1;88;4;2000
408;201-21-4448;03/10/64;34;South;0;104000;3;1570
409;299-90-6494;19/09/38;60;East;0;139400;5;2400
410;683-56-1822;09/10/41;57;North;0;27800;2;1080
411;266-88-7218;17/09/42;56;West;1;75400;0;0
412;188-73-9156;21/03/33;66;West;0;124700;2;940
413;881-72-4761;21/04/47;51;West;0;81300;3;1590
414;041-47-9311;08/09/64;34;South;1;100700;3;1420
415;757-86-1866;13/05/75;23;South;0;26300;2;1080
416;540-17-8964;12/06/42;56;South;0;43100;1;520
417;294-64-9066;14/10/62;36;South;0;68000;4;1870
418;761-02-5278;24/11/38;60;South;0;92600;4;2150
419;187-05-0809;09/04/70;29;North;1;157200;1;480
420;498-98-9133;09/01/68;31; East;1;64700;1;580
421;431-50-7594;16/01/31;68;South;0;46900;6;3090
422;223-40-7229;30/10/41;57;West;0;26200;5;2490
423;865-16-1471;22/10/37;61;South;0;146500;2;860
424;133-03-4451;13/05/64;34;West;0;136000;3;1510
425;898-36-4855;01/09/70;28;North;0;153900;5;2480
426;968-16-0774;29/09/28;-30;North;0;68400;2;1100
427;116-79-4194;23/02/64;35;South;1;146800;4;1950
428;204-27-8412;24/05/66;32;North;0;25100;2;1060
429;279-23-7773;17/05/27;71;South;0;120300;4;2100
430;011-89-2945;04/10/59;39;South;0;146800;4;1940
431;151-83-0454;03/02/74;25;South;1;62000;4;2040
432;572-79-9529;21/01/67;32;West;1;104500;9999;9999
433;179-26-1967;17/05/42;56;East;1;124400;4;1980
434;078-33-0049;06/01/72;27;North;1;107500;2;1010
435;230-00-8212;25/02/35;64;North;0;37600;3;1350
436;184-13-7128;26/04/32;66;North;0;52500;5;2460
437;397-58-5837;27/03/41;58;North;0;116200;1;450
438;835-90-5049;26/02/59;40;North;1;113000;0;0
439;390-77-9781;03/06/70;28; West;0;22;8;4160
440;618-84-1169;19/10/28;-30;West;1;113600;1;470
441;068-81-7396;10/11/51;47;West;1;146900;0;0
442;519-31-1612;04/11/70;28;North;1;104300;3;1330
443;087-21-2053;02/07/52;46;West;0;141200;9999;9999
444;534-72-8644;16/06/66;32;North;1;121600;1;410
445;152-38-8059;19/10/69;29;West;0;60900;8;4190
446;743-28-2638;28/10/43;55;South;1;84500;4;1990
447;856-77-6560;06/01/40;59;South;1;9999;0;0
448;497-59-5738;21/08/52;46;South;1;77900;4;450
449;238-00-9607;17/11/61;37;East;0;132700;2;1010
450;743-72-5071;22/04/36;62;South;1;81500;7;3470
451;391-73-9114;01/04/67;32;West;1;41200;2;910
452;957-46-9163;25/07/63;35; West;0;70500;4;1900
453;038-69-9847;18/01/31;68;North;0;51900;2;960
454;631-49-5164;11/06/66;32;West;0;93500;3;1520
455;308-15-1508;14/06/75;23;North;1;160000;2;1050
456;707-76-5941;04/08/58;40;East;0;53700;1;470
457;809-05-9533;20/09/48;50;West;0;109900;4;2140
458;096-34-6977;01/02/53;46;North;1;117900;3;1520
459;236-06-5189;24/01/64;35;South;0;92900;4;2040
460;756-41-9393;14/05/71;27;East;0;81;3;1500
461;523-60-4191;02/12/58;40;East;0;124900;3;1430
462;576-97-4385;27/04/42;56;South;0;44500;0;0
463;619-94-0553;17/05/27;71;East;0;62300;2;930
464;680-00-1375;19/10/33;65;North;1;97000;5;2740
465;679-57-0542;08/09/52;46;East;1;152100;2;1030
466;365-18-7407;17/05/27;71;East;0;155400;4;1900
467;114-58-1917;17/03/58;41; East;0;116000;4;1830
468;095-91-8762;25/02/38;61;East;0;72900;4;2110
469;797-55-3419;16/09/61;37;North;1;132800;9999;9999
470;638-14-5894;23/11/62;36;West;0;44600;1;500
471;317-58-2349;03/07/46;52; North;0;85300;6;2950
472;587-07-8849;04/10/56;42;South;0;78200;3;1530
473;552-10-0673;19/03/58;41;East;1;113900;4;1870
474;170-17-6377;29/10/47;51;South;1;82700;6;2990
475;545-27-9556;29/01/76;23;North;0;144200;2;990
476;235-81-0253;15/12/40;58;West;1;59200;2;1000
477;029-27-4878;31/01/31;68;East;0;117100;5;2420
478;163-34-8915;04/06/59;39;West;0;21900;1;500
479;325-76-3366;18/01/42;57;East;1;78500;2;900
480;168-73-9011;21/06/54;44;West;1;151000;4;2030
481;483-00-6418;13/06/67;31;East;0;45900;2;1040
482;335-77-7786;26/10/40;58; South;0;154200;3;1600
483;355-80-3520;29/12/32;66;East;0;131500;4;1940
484;244-96-8766;03/05/46;52;South;0;130400;0;0
485;863-08-6093;18/10/46;52;South;1;63700;3;1430
486;364-94-9180;17/05/27;71;West;0;116500;2;1040
487;428-37-5656;23/06/35;63; South;1;39100;6;3050
488;485-42-3949;30/05/42;56;West;1;106000;7;3430
489;985-95-2545;11/09/58;40;South;1;35600;1;510
490;462-06-2066;20/06/51;47;North;0;128600;2;1130
491;085-91-0238;22/09/72;26; South;1;92800;1;500
492;579-57-5107;21/06/34;64;East;0;127900;4;1950
493;269-62-0603;04/09/49;49;East;1;33000;3;1330
494;085-32-5438;17/05/27;71;East;0;103700;1;480
495;777-36-5221;17/09/65;33;East;1;152400;5;2600
496;596-18-6300;25/07/58;40;South;1;92700;4;1930
497;567-83-5482;20/01/45;54;West;0;81400;5;2370
498;555-29-7759;17/08/70;28;West;1;50500;1;530
499;148-36-0089;08/07/70;28;North;0;140000;0;0
500;435-06-5294;04/07/65;33;South;1;134500;5;2430
501;156-39-5201;15/08/38;60;East;0;111000;3;540
502;619-04-0440;06/01/43;56;North;1;113800;2;990
503;626-49-8203;17/11/71;27;North;0;106100;5;2590
504;617-36-2966;30/03/41;58;West;1;62600;3;1590
505;033-96-3067;09/02/50;49;East;0;154700;0;0
506;118-88-3931;25/10/40;58;North;0;140600;4;2020
507;855-04-5846;14/11/38;60;North;0;81100;4;1930
508;451-43-1171;17/12/62;36;West;1;135100;1;410
509;326-25-8591;23/12/55;43;North;1;121500;3;1560
510;383-99-3451;25/05/72;26;East;1;144900;3;1520
511;578-97-4169;09/11/63;35;North;1;84200;8;3840
512;929-74-0283;01/12/74;24;West;1;55100;3;1530
513;081-31-7486;21/03/34;65;North;0;134200;5;2540
514;434-03-7295;10/07/61;37;South;1;92300;2;1010
515;899-95-2876;09/11/57;41;West;1;69400;0;0
516;395-09-9365;03/06/35;63;South;0;69500;4;2150
517;502-09-7475;22/06/46;52;North;0;80200;4;2120
518;378-83-7998;02/11/74;24;West;1;9999;2;940
519;629-45-1472;27/01/53;46;West;0;68600;4;2140
520;206-32-0783;18/08/60;38;North;0;128700;2;1030
521;565-06-6202;31/10/47;51;East;1;74800;3;1530
522;711-94-2743;20/12/42;56;South;1;144500;4;1880
523;488-71-2743;03/08/37;61;East;1;46000;3;1390
524;606-97-4444;23/10/33;65; North;1;33400;5;2450
525;651-27-9144;21/02/45;54;West;1;103900;5;2600
526;338-48-9109;14/05/66;32;North;0;49900;2;980
527;906-06-0341;26/03/52;47;South;0;9999;3;1590
528;430-50-1224;11/05/49;49;North;0;57200;2;990
529;887-82-8267;13/03/60;39;East;0;61600;1;400
530;800-94-3139;14/09/65;33; North;0;42700;2;990
531;813-78-6713;24/11/61;37;North;1;38300;2;930
532;077-63-0100;22/08/56;42;East;0;110000;2;1020
533;362-89-4824;09/10/47;51;South;0;45900;6;3020
534;755-27-7769;24/02/71;28;North;0;150700;3;1510
535;738-89-2181;09/07/59;39; North;1;109300;7;3520
536;395-68-8709;01/11/61;37;North;0;156300;3;1530
537;807-37-8840;12/08/63;35;West;0;38900;6;2770
538;044-65-5062;16/12/51;47;West;0;21800;2;1060
539;445-94-4117;11/02/58;41; East;0;160000;3;1550
540;103-58-9172;18/11/70;28; South;0;21400;2;1060
541;058-97-7643;22/03/52;47;East;0;126500;3;1580
542;910-81-4581;30/07/42;56;North;1;94400;5;2440
543;243-38-5172;11/08/61;37;East;0;29700;2;1030
544;670-18-7053;17/12/44;54;North;0;56900;2;1010
545;140-91-9594;30/11/74;24;North;1;133900;4;2010
546;425-08-8105;06/05/51;47;East;0;95300;0;0
547;588-21-8765;10/03/31;68;South;1;103900;3;1470
548;391-43-6171;29/09/32;66;North;0;74900;1;440
549;219-88-1599;04/05/59;39; West;0;57000;4;1970
550;998-10-7842;05/09/41;57;West;1;147600;1;450
551;906-29-3493;15/02/53;46;South;1;100900;4;1880
552;750-20-7105;31/08/52;46;North;0;111300;2;950
553;084-36-6114;19/09/36;62;West;1;93900;1;460
554;237-11-6147;16/09/33;65;East;0;60600;3;1450
555;754-39-8568;02/08/61;37;East;0;114900;3;1580
556;014-15-4837;21/08/39;59;West;1;76500;4;2110
557;762-59-9037;23/06/48;50;South;0;62800;1;440
558;361-42-3504;17/03/63;36;East;1;61700;4;2040
559;836-56-4942;01/12/36;62;West;1;77900;3;1450
560;559-47-7116;07/10/67;31;West;1;80000;4;2020
561;426-26-2282;18/04/62;36;East;1;120700;0;0
562;588-81-2703;05/02/53;46; South;0;33100;5;2550
563;269-71-5742;17/11/67;31;North;1;28700;4;2050
564;198-15-0723;23/02/41;58;South;1;69800;1;480
565;698-02-2492;09/07/42;56;East;1;107300;8;4280
566;909-62-4423;29/03/51;48;East;1;89000;5;2390
567;366-38-3676;31/01/75;24;East;1;147200;4;2060
568;375-92-1009;13/01/59;40;North;1;73600;3;1310
569;356-96-6950;11/03/48;51;West;0;27900;4;2170
570;758-72-4033;07/11/70;28;South;1;9999;3;1520
571;243-60-0568;28/12/51;47;West;1;145600;3;1500
572;546-38-8454;26/07/49;49;East;1;118300;4;2090
573;730-71-2357;05/06/31;67;South;0;126200;3;1620
574;554-77-8286;07/10/50;48;South;1;57900;5;2510
575;492-02-5397;20/07/72;26;East;0;153000;4;2010
576;552-03-3776;10/09/67;31;East;0;29900;2;950
577;872-03-9669;31/05/67;31;East;1;57400;1;450
578;781-16-9508;29/05/30;68;East;1;34300;6;2860
579;427-70-0642;03/11/31;67;East;0;119500;2;1020
580;503-00-1677;26/03/32;67;South;1;76400;4;2000
581;045-60-1378;06/10/57;41;East;0;73400;5;2440
582;443-85-9253;19/06/61;37;South;0;105800;3;1410
583;071-48-7533;20/02/42;57;East;0;99200;2;970
584;712-40-6694;24/09/54;44;North;1;39400;0;0
585;030-95-1842;26/08/38;60;South;0;25900;4;2120
586;955-96-1581;16/08/37;61; South;0;57500;2;1050
587;143-85-3621;20/08/51;47;West;1;152400;2;900
588;782-53-7840;13/03/39;60;South;0;153200;2;920
589;776-44-8345;16/04/27;-29;West;1;59300;2;1030
590;937-16-5575;04/02/36;63;North;1;46200;3;1630
591;768-43-5337;12/07/56;42;South;1;142700;2;980
592;712-50-9741;27/10/53;45;South;0;107700;2;940
593;744-30-0499;04/05/60;38;East;0;25;5;2460
594;349-69-6641;13/10/55;43;North;1;108900;2;1000
595;592-14-8716;09/01/42;57;South;1;157400;2;940
596;844-48-3850;26/02/33;66;West;1;64300;1;540
597;062-42-6963;11/03/58;41;East;1;67800;3;1320
598;839-97-7310;14/03/46;53; South;0;105400;2;1070
599;024-71-7104;25/06/42;56;East;0;108800;7;3370
600;362-26-6321;02/04/56;43;South;1;66400;1;470
601;633-95-2335;18/08/40;58;West;1;157200;0;0
602;423-97-3072;09/05/63;35;West;0;66000;3;1520
603;292-01-0852;20/08/68;30; South;1;76800;4;1940
604;885-22-9435;11/04/44;55;North;0;111600;2;990
605;600-05-9780;10/07/58;40;North;1;9999;0;0
606;374-50-5933;16/11/48;50;South;0;45000;2;990
607;626-04-1182;17/05/27;71;South;1;75900;3;1540
608;191-16-8010;10/06/34;64; South;1;97000;2;1050
609;084-93-0930;11/01/38;61;East;0;36100;2;1050
610;985-03-7017;20/11/33;65;East;1;103500;3;1440
611;562-62-0763;05/05/67;31;South;0;88800;2;1010
612;988-36-5241;24/02/43;56;West;1;52300;2;600
613;816-28-5583;11/05/59;39;North;0;82700;3;1550
614;113-20-9011;09/03/48;51;East;1;127900;2;1080
615;712-85-2723;14/02/55;44;West;0;142800;2;940
616;895-51-8608;10/02/74;25;East;0;64600;1;510
617;184-51-2440;02/03/66;33;South;0;62700;6;2930
618;283-42-4994;22/05/66;32;East;0;133200;3;1460
619;123-49-3511;20/11/71;27;East;0;33800;2;1110
620;112-47-5958;31/08/65;33;East;0;57500;2;980
621;142-39-5137;24/01/35;64;South;0;96200;3;1390
622;633-78-7048;25/10/63;35; West;1;62700;0;0
623;247-84-5404;04/11/44;54;West;0;141800;1;580
624;655-20-0209;26/08/33;65;South;1;57700;3;1550
625;042-17-7655;29/03/58;41;South;1;37500;4;2120
626;780-69-3201;24/05/58;40;East;1;117500;5;2410
627;803-24-4193;19/03/40;59;West;1;51800;4;2020
628;370-04-0555;21/09/62;36; East;0;128400;6;3060
629;187-38-0433;12/03/73;26;West;0;67700;1;540
630;964-69-3667;24/10/40;58;West;0;128100;1;540
631;227-56-2828;04/08/46;52;South;1;111300;3;1600
632;564-58-1489;04/09/53;45;West;0;70000;4;2060
633;304-51-0085;25/11/49;49;South;0;156000;3;1570
634;112-62-6916;30/01/53;46;West;1;116600;4;2070
635;035-65-6257;02/09/65;33;South;0;156900;2;530
636;682-40-8161;27/05/47;51; West;0;61200;3;1340
637;204-59-3595;27/10/68;30;South;1;30600;4;2030
638;471-77-6068;19/11/44;54;North;0;140100;1;530
639;509-96-6227;22/09/44;54;East;1;147500;1;590
640;696-45-2681;10/02/36;63;West;1;59900;4;1910
641;042-11-0400;06/05/75;23;North;1;96700;4;2130
642;384-43-9101;03/01/57;42;East;0;115100;3;1640
643;033-75-3553;10/12/61;37;South;0;149700;2;980
644;772-52-0613;20/11/57;41;West;1;60200;3;1490
645;086-39-4715;17/05/27;71;North;0;155300;5;2480
646;987-61-3447;25/06/44;54;North;1;137100;4;2260
647;065-31-6330;08/11/68;30;North;0;57700;4;1840
648;210-85-8041;25/05/57;41;East;0;107700;4;2080
649;437-11-2562;14/05/37;61;West;1;29800;3;1570
650;304-45-6046;03/10/68;30;South;1;127100;2;980
651;094-00-1258;17/03/52;47;West;1;158900;3;1560
652;494-46-3228;05/02/39;60;East;1;33600;4;2030
653;776-66-3248;25/10/30;68;East;0;111100;4;1820
654;409-92-5411;27/03/70;29; West;0;30700;4;2040
655;070-85-3598;09/01/60;39;South;0;135400;5;2790
656;549-47-1966;20/01/44;55;East;0;138300;2;950
657;807-70-5174;05/08/70;28;North;1;150400;3;1470
658;018-00-2484;01/03/62;37;North;1;66700;4;1750
659;182-14-6099;17/04/69;29;West;0;66500;3;1430
660;940-38-8978;25/12/72;26;North;1;20600;1;520
661;212-01-7062;17/05/27;71;West;0;147900;5;2450
662;241-04-3586;25/03/38;61;North;0;38300;1;530
663;440-40-8812;04/12/34;64; North;0;111700;4;1890
664;660-34-1579;20/01/65;34;East;0;139400;4;2030
665;782-01-3194;26/02/61;38;West;0;82400;2;1070
666;987-97-6364;15/06/32;66;West;0;45000;1;580
667;930-40-2824;21/04/40;58;South;0;108700;4;1980
668;218-88-3825;19/07/56;42;East;0;154200;4;2210
669;962-82-6993;20/07/50;48;South;0;141400;5;2410
670;224-67-9729;05/08/58;40;North;0;37100;4;1980
671;966-85-2429;25/09/63;35;West;0;65000;0;0
672;786-76-7558;15/10/44;54;South;0;120100;1;470
673;170-11-4785;21/02/49;50; South;1;67000;1;520
674;740-58-0427;30/04/43;55;East;1;127100;2;1010
675;359-71-8008;15/06/64;34;East;1;112700;3;1440
676;111-72-1443;02/08/43;55;North;1;102500;2;1050
677;062-05-2425;22/01/71;28;North;0;98200;9;4400
678;712-34-2712;05/01/38;61;South;0;135400;1;530
679;182-17-1668;15/03/49;50;South;0;149400;3;1540
680;679-02-8085;15/12/42;56;East;1;67500;5;2460
681;001-05-3748;24/03/36;63;North;0;159700;1;530
682;255-17-0304;02/10/56;42;East;0;54700;3;1480
683;942-62-8581;06/11/62;36; South;1;82200;2;1100
684;216-36-5956;05/06/69;29;North;1;39200;2;970
685;001-43-2336;21/08/63;35;North;0;149300;4;1750
686;315-64-6191;28/04/56;42;West;0;126400;4;2090
687;320-14-2388;14/12/73;25;East;0;74300;4;1840
688;369-77-1386;02/03/73;26;East;0;78700;2;840
689;776-25-5466;07/11/51;47;East;0;130000;2;1140
690;364-40-2281;29/01/40;59;South;0;145400;4;1990
691;409-28-2548;16/10/48;50;South;1;154500;4;2070
692;482-36-8249;10/07/55;43;West;1;30100;2;1000
693;430-51-9931;07/04/75;24;South;0;109900;1;460
694;537-41-1389;25/04/43;55;South;0;145400;1;610
695;469-15-8927;02/10/47;51;West;0;132800;0;0
696;247-12-1717;25/08/56;42; South;0;118000;3;1480
697;461-95-8647;25/05/41;57;North;0;91200;0;0
698;808-07-9691;03/07/58;40;South;0;88100;4;1960
699;007-29-6368;10/08/62;36;South;1;103100;4;1990
700;129-31-7388;19/05/52;46;South;0;23500;5;2640
701;762-79-4472;23/05/30;68; East;1;118800;0;0
702;855-15-8333;12/09/62;36;East;1;141900;6;3010
703;228-19-2271;16/12/76;22;North;0;25500;3;1480
704;776-33-7801;12/10/74;24;South;1;21400;2;980
705;107-48-8242;21/07/71;27;East;0;135800;3;1420
706;011-02-6234;27/01/52;47;North;0;113300;1;480
707;997-89-0484;12/04/43;56;East;1;54200;2;900
708;682-62-7862;25/10/52;46;West;1;43100;2;1160
709;719-04-5114;14/10/58;40;East;1;75000;3;1540
710;919-95-0805;16/10/74;24;North;1;86000;0;0
711;205-59-8253;14/05/66;32;East;0;72800;4;1930
712;460-01-0720;19/11/51;47;North;1;21400;4;1920
713;412-24-6049;14/04/31;68;North;1;121700;5;2620
714;403-33-8464;19/11/31;67;North;0;90000;2;1000
715;940-18-5706;16/06/63;35;South;0;120200;5;2340
716;494-38-3977;26/03/53;46;South;0;66800;4;2040
717;654-09-0024;31/08/73;25;East;1;72200;5;2380
718;830-88-5120;17/04/58;40;North;0;73800;2;1030
719;901-05-8142;10/06/35;63;East;0;38200;3;1600
720;287-90-4875;06/11/60;38;South;1;86200;2;1060
721;270-48-8413;22/05/39;59;West;0;149200;1;500
722;744-94-4187;09/08/50;48;South;0;119900;4;1830
723;929-79-0426;24/08/50;48;East;0;128900;4;2220
724;706-21-1514;10/08/63;35;East;0;140200;4;2060
725;898-79-0536;02/08/37;61;West;0;93400;4;2000
726;851-17-4605;12/09/39;59;West;0;39500;5;2490
727;391-32-8081;25/11/75;23;North;0;34300;3;1500
728;494-09-0186;29/11/45;53;South;1;32300;2;980
729;654-10-5679;04/02/67;32;South;1;77300;2;910
730;142-06-2339;17/05/27;71;West;1;38200;1;510
731;846-67-2407;08/09/70;28;East;1;58100;1;480
732;249-58-8981;04/12/44;54;East;0;110000;0;0
733;987-30-4141;01/03/61;38;East;0;99600;3;1450
734;198-57-5005;29/06/43;55;West;0;80400;8;4300
735;306-94-0334;15/01/65;34;East;1;42600;3;1430
736;558-32-0374;29/01/64;35;North;1;60900;3;1440
737;607-60-6835;25/05/57;41;South;0;116800;2;1000
738;825-93-1902;06/07/67;31;South;0;47200;5;2420
739;077-54-6936;18/07/31;67;South;1;115600;2;890
740;172-70-1383;14/07/50;48; North;1;44800;2;1150
741;557-92-4187;14/01/64;35; North;1;130300;5;2600
742;664-19-8034;20/04/35;63;North;1;146800;5;2560
743;337-47-4501;12/06/47;51;South;0;99900;2;1020
744;557-51-7912;02/07/62;36;West;0;46800;2;950
745;912-15-5028;24/05/56;42;South;0;121500;1;460
746;269-05-4944;16/09/36;62;North;0;150500;3;1600
747;144-20-0629;17/12/76;22;East;0;67700;4;2050
748;413-74-7883;09/11/57;41;North;1;72500;1;520
749;561-64-4579;21/07/42;56; West;0;83700;7;3550
750;897-93-8207;13/10/42;56;North;1;118300;5;2510
751;128-36-9289;09/02/35;64;North;0;117700;2;980
752;207-60-9040;04/11/74;24;West;1;52300;6;2880
753;598-51-0810;11/05/47;51;East;0;120400;6;3060
754;891-12-9133;17/05/27;71;North;0;77300;4;1980
755;703-14-0079;12/10/66;32;West;1;138000;3;1590
756;116-27-6030;18/09/64;34;West;0;28600;7;3540
757;790-90-4962;10/08/70;28;West;0;143300;2;970
758;607-51-4567;24/06/57;41;South;0;146400;1;540
759;037-82-1926;16/05/36;62;West;0;88000;3;1570
760;810-76-0704;24/04/52;46;West;0;110400;2;950
761;734-56-2325;30/11/41;57;South;1;145800;7;3180
762;328-15-6731;01/05/72;26;South;1;114800;3;1520
763;324-77-8486;20/01/60;39;North;1;74400;5;2660
764;645-92-0166;12/09/75;23;West;0;44800;0;0
765;930-83-5132;17/05/30;68;South;0;131800;2;1040
766;356-65-3097;26/06/38;60;West;0;149600;6;3070
767;524-78-0886;15/01/49;50;West;0;66000;6;3060
768;154-29-4745;30/10/46;52;South;0;35200;0;0
769;159-33-6219;29/08/47;51;East;1;97100;5;2520
770;468-48-4038;05/12/55;43;East;1;117300;0;0
771;128-66-7489;24/05/49;49;East;0;50500;4;1840
772;441-98-4789;30/06/68;30;West;1;125900;2;1010
773;975-39-8469;08/10/41;57;West;0;97100;1;460
774;242-57-1338;07/02/73;26;North;0;153100;1;540
775;524-81-5207;06/07/74;24;West;0;148300;1;500
776;358-91-2742;28/07/75;23;East;0;131100;6;3180
777;820-27-6346;04/07/36;62;West;0;155000;2;1180
778;162-22-8785;12/10/49;49;North;1;108900;1;530
779;200-31-1296;23/02/49;50;East;1;132800;5;2510
780;244-32-3030;16/11/33;65;West;0;144000;3;1420
781;293-10-2335;05/02/71;28;East;0;143000;4;2130
782;183-25-0406;17/05/27;71;West;0;51600;0;0
783;482-35-5692;12/09/63;35;West;0;121800;1;520
784;248-77-6012;11/10/56;42;East;0;117100;4;2100
785;643-84-6852;08/03/56;43;North;1;132600;3;1460
786;279-03-9288;23/04/42;56;East;0;52700;4;2070
787;002-23-4874;31/01/76;23;North;0;153000;3;1330
788;543-47-8606;02/04/46;53;North;1;66500;3;1650
789;581-79-2983;29/09/38;60;East;0;114500;4;1910
790;291-70-5956;23/02/74;25;South;0;152300;2;1080
791;380-87-5924;04/07/70;28;South;0;152500;0;0
792;947-79-6358;09/02/43;56;West;0;43700;4;550
793;636-14-1482;26/06/34;64;North;0;130100;2;980
794;460-66-3061;03/07/68;30;East;1;134300;4;2080
795;333-77-5865;14/09/51;47;South;0;27900;3;1440
796;918-32-8454;22/03/54;45;North;0;9999;3;1570
797;223-85-9178;15/03/40;59;South;0;106600;2;1150
798;510-02-4583;23/05/38;60;East;0;49800;5;2590
799;434-47-3833;21/11/52;46;South;0;115800;2;1030
800;048-50-9683;31/10/49;49;East;0;151400;3;1430
801;128-45-7669;16/02/31;68;West;0;23600;5;2330
802;934-46-4665;12/04/30;69;North;0;128000;2;1140
803;450-85-1624;12/11/64;34;North;1;77500;2;1050
804;510-16-5076;28/01/32;67;East;0;44600;5;530
805;589-14-5529;08/12/31;67;West;0;132200;2;1010
806;020-11-4047;17/08/58;40;East;0;151100;4;2020
807;174-55-6430;29/02/72;27;West;0;121200;2;1100
808;022-81-8771;14/01/53;46;West;1;155500;1;530
809;321-06-1845;27/07/62;36;East;0;101200;2;1030
810;271-37-1335;14/07/76;22;East;1;76200;3;1630
811;169-45-5209;20/07/46;52;South;0;139400;5;480
812;549-23-9231;13/12/61;37;West;0;26600;2;1020
813;338-58-7652;17/05/27;71;East;1;47500;2;1020
814;051-21-4856;11/10/74;24;North;0;29400;3;1570
815;558-83-8118;11/09/39;59;South;0;158200;4;1950
816;884-27-5089;05/03/62;37;North;1;151;2;900
817;912-29-2472;19/08/58;40;South;1;74600;2;940
818;610-14-8799;21/03/44;55; West;0;59000;4;2130
819;350-55-6308;04/02/51;48;West;1;32800;3;1540
820;625-83-5411;20/12/34;64; East;0;76500;4;2130
821;341-43-5318;22/04/54;44;South;1;81800;2;1040
822;087-46-4869;11/10/67;31;South;0;97300;1;490
823;185-56-6648;11/06/30;68;West;0;70200;4;2080
824;376-25-7809;02/11/27;-29;North;1;9999;2;1070
825;374-34-3958;25/04/65;33;South;0;55300;2;960
826;572-91-0184;04/01/52;47;West;0;155700;0;0
827;621-95-2307;29/01/61;38;West;0;70200;1;510
828;064-02-7974;15/03/34;65;North;1;85200;3;1480
829;406-48-0202;02/12/49;49;East;0;70800;5;2450
830;875-31-3461;22/11/76;22;North;1;73100;6;3140
831;501-44-5094;04/09/43;55;West;0;101500;2;1050
832;634-03-2020;11/07/68;30; West;0;80700;3;1490
833;908-76-1846;17/09/60;38;West;0;104;4;1970
834;736-64-0755;02/12/37;61;East;1;101200;2;940
835;421-26-6596;22/04/58;40;West;0;109800;3;1420
836;946-34-8921;17/04/72;26;East;1;34800;3;1460
837;602-88-3596;12/08/38;60;South;1;34700;3;1590
838;549-47-1621;22/06/44;54;West;0;101400;4;1990
839;614-87-6227;24/01/71;28;North;1;24700;0;0
840;147-21-7990;09/03/65;34;South;0;115100;5;2570
841;074-07-5294;21/02/44;55;East;0;111200;1;500
842;465-66-1006;18/12/36;62;East;0;119600;2;1060
843;944-80-2076;10/03/69;30; East;0;86800;2;960
844;227-40-2340;07/08/31;67;West;0;143400;5;2430
845;386-77-0877;15/04/56;42;West;0;32300;5;2510
846;391-70-2450;08/12/52;46;North;1;125700;3;1520
847;548-16-0549;17/07/37;61;East;0;74000;1;500
848;295-84-0052;16/10/57;41;West;0;102500;1;520
849;829-75-5461;08/01/48;51;West;1;153800;2;940
850;208-39-3628;26/11/70;28; North;1;51600;2;1020
851;332-17-8778;12/09/36;62;North;0;79200;3;1460
852;179-09-4170;07/10/63;35;East;0;20100;3;1490
853;816-48-1237;20/03/41;58;West;0;88400;2;950
854;430-66-2012;01/10/49;49;North;0;109400;2;1110
855;700-40-7371;21/12/63;35;South;0;120200;3;1420
856;644-19-2880;08/02/49;50;West;0;41500;3;1530
857;998-98-5272;08/07/55;43;South;1;141300;4;2040
858;819-34-4450;26/05/59;39;South;1;101300;9999;9999
859;469-20-4271;11/02/75;24;North;1;35300;2;980
860;193-26-5699;17/02/64;35;South;1;49200;2;950
861;249-15-5386;29/05/46;52;North;1;29800;2;1050
862;061-19-6765;10/09/53;45;West;0;103000;3;1410
863;078-50-0923;03/02/42;57;East;1;82800;6;3180
864;943-86-6307;28/07/70;28;East;1;101600;4;1860
865;713-12-9354;08/06/55;43;West;1;156600;0;0
866;252-50-5226;19/08/52;46;East;0;27300;2;1140
867;316-87-8155;12/02/34;65;East;0;47100;1;560
868;639-46-2851;14/02/48;51;West;0;132500;2;1060
869;896-31-1929;22/12/31;67;East;0;47400;3;1480
870;004-39-9621;13/10/57;41;South;0;138900;2;1010
871;656-41-6097;13/07/59;39;East;0;100300;2;1080
872;515-69-5178;01/12/72;26;South;1;129500;3;1520
873;780-16-8733;12/03/36;63;South;0;146200;0;0
874;886-55-9931;31/10/76;22;West;0;114400;2;1020
875;530-98-1115;23/08/34;64;North;0;76900;1;490
876;191-40-9404;26/09/34;64;West;0;107300;1;550
877;366-87-6081;16/10/64;34;East;1;148200;3;1470
878;128-79-5424;22/03/52;47; East;0;81300;3;1550
879;732-73-5716;20/01/70;29;North;1;64300;5;2360
880;880-94-6743;10/01/76;23; South;1;76600;3;1530
881;814-68-1140;30/08/70;28;West;1;36000;6;2780
882;693-61-7057;04/06/47;51;West;1;71500;8;3820
883;909-20-6479;03/12/43;55;East;0;139800;3;1540
884;363-30-2351;18/03/67;32;North;1;117400;2;900
885;345-04-1247;18/09/56;42;West;0;92100;2;890
886;120-97-5267;20/08/76;22;North;1;122600;2;1030
887;414-51-8865;13/11/48;50;East;0;70000;3;1440
888;405-30-5055;30/07/48;50;South;0;90500;1;530
889;329-05-2523;10/12/55;43;South;0;132000;4;1980
890;046-24-9783;08/05/50;48;East;0;85200;6;2850
891;392-09-0259;08/06/46;52;North;1;137400;5;2490
892;396-75-7173;21/11/59;39;East;1;30700;6;2900
893;580-19-6081;28/03/57;42;East;1;70100;4;1870
894;898-87-5939;06/12/52;46;South;0;67100;2;1000
895;389-24-0816;31/08/43;55;East;1;135500;7;3590
896;647-50-8044;25/01/47;52;West;0;153800;2;950
897;467-85-8411;28/01/41;58;North;0;68800;4;1810
898;036-48-0484;07/07/45;53;West;1;93500;1;450
899;680-66-6656;12/11/76;22;North;0;124300;5;2710
900;700-19-9168;16/02/66;33;West;0;95500;1;420
901;982-59-8711;20/05/45;53;West;1;35300;2;910
902;820-09-5447;05/02/36;63;South;0;123700;1;430
903;160-58-2612;03/04/55;44;North;0;135500;5;2470
904;584-10-0586;04/09/46;52;South;0;64500;3;1410
905;543-62-5992;03/06/65;33;West;0;132100;3;1390
906;320-16-2584;15/05/44;54;North;0;56800;1;530
907;845-98-0842;15/01/33;66;West;0;146000;3;1660
908;567-21-1083;18/02/40;59;South;0;44100;4;1950
909;644-49-0395;30/04/72;26;East;0;70900;0;0
910;800-24-8153;14/09/47;51;East;1;98000;3;1530
911;794-56-6572;17/03/45;54;West;1;41000;3;1450
912;132-97-4390;15/03/42;57;East;0;58700;4;2090
913;699-97-2477;29/04/50;48;South;0;126500;4;2270
914;252-09-5611;28/05/58;40;South;1;54300;2;990
915;242-98-1292;27/12/68;30;East;1;48900;1;450
916;665-47-3174;23/12/38;60;West;1;58100;1;510
917;764-32-4866;17/05/56;42;West;0;132700;2;990
918;579-34-3592;04/04/57;42;South;0;86000;6;2930
919;068-89-0748;13/02/70;29;East;0;86500;3;1460
920;104-87-1273;23/03/66;33;South;0;33200;0;0
921;601-98-9218;06/05/38;60; South;1;131000;3;1260
922;329-51-3208;21/03/28;-29;East;1;35400;6;3000
923;187-71-1689;04/02/64;35;East;1;23700;4;2070
924;224-77-8086;25/12/57;41;North;0;153800;1;600
925;820-65-4438;12/11/32;66;North;0;55;6;2980
926;412-56-0779;02/03/69;30;South;0;69800;3;1550
927;946-89-3019;23/08/70;28;North;1;136200;2;1060
928;946-78-2274;02/04/41;58;South;0;46500;3;1450
929;256-92-0356;13/08/39;59;East;1;113600;6;2930
930;315-12-2870;08/02/58;41;North;1;137700;2;1000
931;640-41-6833;29/05/34;64;South;0;58800;2;980
932;148-76-5664;04/04/65;34;West;0;78200;3;1340
933;938-92-5356;02/03/42;57;South;1;65800;0;0
934;773-48-7897;20/03/32;67;South;1;40000;2;960
935;920-86-2857;26/10/61;37;West;1;123500;2;1010
936;261-74-3204;01/10/37;61;West;0;65000;3;590
937;287-80-0088;13/11/35;63;North;0;144200;2;1070
938;797-94-0762;11/03/38;61;South;0;90400;2;940
939;269-66-1757;05/02/56;43;East;1;84600;5;2430
940;396-38-0463;17/01/50;49;West;0;144400;3;1490
941;534-76-0014;11/02/37;62;North;0;129800;1;470
942;952-80-6042;02/01/41;58;South;0;75400;4;2070
943;051-62-1955;03/09/44;54;West;1;159700;4;1870
944;053-58-0861;06/12/64;34;North;1;124300;1;500
945;310-71-9661;26/12/62;36;East;1;37900;1;490
946;336-62-5354;02/08/46;52;East;1;28100;3;1520
947;288-20-0072;21/07/64;34;West;0;91800;5;2570
948;937-43-3216;09/07/41;57;North;0;116400;0;0
949;766-77-7091;14/12/41;57;South;1;55000;2;1050
950;773-51-1612;05/03/41;58;North;1;52400;3;1380
951;398-55-9963;26/10/44;54;North;0;43000;3;1390
952;939-07-8704;13/12/33;65;East;0;149600;2;1020
953;120-04-3896;16/05/51;47;West;0;55900;0;0
954;959-00-6902;12/10/40;58;West;0;38200;4;1960
955;749-18-3377;03/11/48;50;South;1;88500;5;2670
956;831-09-3677;22/11/74;24;South;1;118800;4;1950
957;093-68-8684;05/08/73;25;East;1;107300;0;0
958;219-64-9825;26/08/40;58;South;0;139500;2;1050
959;291-83-3665;19/08/39;59;South;1;20600;5;490
960;985-04-2574;19/11/71;27; East;1;84800;1;430
961;616-06-4104;05/12/36;62;East;0;145400;3;1610
962;949-38-6757;23/06/71;27;West;0;35600;3;1530
963;953-66-3048;30/10/72;26;South;0;36600;5;2460
964;906-19-9530;07/05/32;66;South;0;92800;3;1580
965;189-06-1286;05/04/47;52;North;1;45300;4;1960
966;150-96-3442;06/11/57;41;South;1;144700;2;1000
967;991-63-0831;20/10/63;35;South;0;95800;3;1700
968;625-15-5187;13/03/74;25;South;1;69100;4;1990
969;206-06-7535;11/11/70;28;South;0;52100;4;2040
970;534-41-0891;06/12/72;26;West;1;76700;3;1460
971;194-22-7493;18/03/30;69;West;0;157500;5;2580
972;672-69-5924;17/11/69;29;East;0;106600;2;1050
973;875-28-8755;15/12/41;57;East;0;82800;4;480
974;125-45-8674;08/08/34;64;East;0;69100;0;0
975;162-45-8307;27/02/63;36;East;1;74900;2;1000
976;564-84-1811;26/04/60;38;West;1;54500;2;960
977;915-34-7935;04/11/69;29;South;1;89700;5;2550
978;784-76-5592;20/09/47;51;South;0;153400;1;570
979;770-69-3679;11/06/71;27; East;0;85200;5;2340
980;967-97-4228;04/07/63;35;South;1;76800;9999;9999
981;454-43-8780;01/04/31;68;South;1;60400;0;0
982;468-87-3003;17/08/52;46;West;1;138500;1;460
983;334-68-8772;16/10/70;28;East;0;118600;4;2050
984;775-12-0976;09/06/39;59;North;0;114000;5;2560
985;768-37-0100;05/06/42;56;West;1;108400;4;1810
986;953-23-4733;03/04/49;50;South;0;124500;0;0
987;647-44-5302;02/12/30;68;North;0;32900;3;1570
988;181-76-4160;13/06/75;23;North;0;96500;4;1970
989;788-44-0652;26/01/34;65;East;0;42300;6;3150
990;063-28-6152;01/07/74;24;East;0;135800;6;2980
991;255-28-7936;25/03/33;66; East;1;126800;5;2430
992;222-51-7185;12/09/37;61; South;0;109200;4;1730
993;066-43-9484;21/08/66;32;South;0;44500;2;920
994;641-82-7061;06/09/41;57;East;1;66000;2;1000
995;671-99-1436;31/03/39;60;East;1;139300;4;1920
996;680-48-7491;19/01/65;34;North;1;109600;6;2800
997;871-67-5568;27/12/61;37; East;0;47000;3;1510
998;837-30-4860;07/09/68;30;North;0;114000;6;3010
999;888-80-7230;02/08/31;67;East;0;139500;3;1440
1000;952-37-0747;20/12/53;45;South;1;80000;2;1040
1001;342-90-9558;21/03/49;50;West;1;134600;2;1060
1002;215-85-7882;29/08/69;29;West;0;58300;2;1120
1003;348-23-6500;26/09/52;46;South;0;124200;2;1010
1004;835-52-7079;03/02/51;48;East;1;35900;4;2160
1005;282-29-3449;25/04/36;62;West;0;65400;1;490
1006;547-25-5491;27/01/74;25;East;1;70400;2;990
1007;607-31-2701;23/09/65;33;South;0;48100;4;2070
1008;020-54-3715;09/04/76;23;North;1;117700;3;1670
1009;249-22-7600;01/05/73;25;North;1;44800;1;470
1010;681-99-3381;30/06/72;26;West;0;141600;4;2140
1011;638-10-5414;04/07/68;30;West;0;158600;2;1010
1012;924-03-2874;11/08/44;54;East;0;117300;3;1610
1013;347-89-9576;22/12/44;54;North;0;108900;6;3110
1014;614-57-0660;16/09/61;37;East;0;47100;1;500
1015;598-74-8558;24/09/65;33;North;0;61600;4;1860
1016;013-61-7460;10/06/38;60;West;0;60700;1;480
1017;393-62-5010;02/06/67;31;West;0;77800;3;1600
1018;598-60-5201;15/06/50;48;South;1;156800;0;0
1019;032-41-3842;18/02/42;57; West;1;94500;2;1030
1020;830-84-9777;18/09/50;48;South;1;39700;5;2520
1021;185-00-4920;07/02/53;46;South;1;108000;1;520
1022;173-17-8746;11/05/39;59;West;0;44800;2;920
1023;037-94-9582;02/08/43;55;West;1;134600;3;1400
1024;911-88-9367;14/10/43;55;North;0;20100;2;890
1025;992-10-9786;12/08/65;33;West;1;110700;3;1450
1026;352-12-0304;15/03/41;58;West;0;71600;5;2370
1027;292-57-7864;03/05/69;29;North;1;85300;4;1910
1028;183-61-6428;16/09/41;57;West;0;157700;3;1520
1029;058-22-1361;20/10/36;62;South;0;128500;6;2940
1030;559-02-5124;29/12/38;60;West;1;109100;2;1040
1031;126-17-0344;15/05/34;64;West;0;22500;2;970
1032;968-45-9871;01/11/64;34;West;0;114700;1;490
1033;803-48-4970;24/11/64;34;North;0;135100;1;510
1034;669-45-9201;02/04/51;48;South;1;149700;0;0
1035;357-07-8475;26/05/55;43;South;0;109400;2;990
1036;299-47-7549;20/03/71;28;South;1;68800;4;1900
1037;594-47-1955;10/08/25;-27;East;1;128300;3;1510
1038;141-86-8350;25/03/51;48;North;1;95400;3;1450
1039;435-22-3146;08/02/35;64;North;1;124700;2;930
1040;503-35-4452;15/02/43;56; North;0;117600;3;1450
1041;595-92-4667;03/04/40;59;South;0;152400;2;930
1042;047-05-3738;20/12/73;25;West;0;121900;4;2110
1043;740-36-1669;24/04/40;58;West;1;123300;4;2100
1044;154-71-5592;02/07/50;48;North;1;34000;1;480
1045;715-28-2884;17/05/27;71;South;0;82400;4;1850
1046;375-09-2982;05/11/33;65;West;0;133900;3;1540
1047;183-36-7319;01/08/64;34;West;1;24900;3;1470
1048;266-75-6082;22/11/65;33;West;0;128600;4;2020
1049;320-80-1325;11/11/76;22;East;0;72000;4;2000
1050;916-51-9676;09/03/63;36;South;0;40100;2;1000
1051;108-70-8198;15/09/34;64;East;0;66700;4;2090
1052;554-57-7632;12/03/59;40;North;0;153500;3;1630
1053;007-45-8600;21/04/39;59; West;1;135600;4;2040
1054;993-07-5462;24/06/66;32;East;0;67500;7;3490
1055;275-51-9307;19/06/38;60;West;1;36400;4;2100
1056;323-27-7840;02/02/59;40;North;0;129700;5;2490
1057;821-62-2400;17/10/76;22;West;0;156200;3;1560
1058;689-57-0158;07/07/30;68;East;1;99700;2;1030
1059;655-94-1867;31/10/57;41;West;1;91300;2;980
1060;921-51-2328;18/06/31;67;West;1;137400;6;2870
1061;377-29-0406;08/10/51;47;West;1;93000;9999;9999
1062;964-54-6931;24/01/53;46;North;0;82600;1;480
1063;977-57-9245;21/06/65;33;West;1;47500;3;1490
1064;025-86-3099;17/11/32;66;West;1;29500;3;1610
1065;472-96-6824;14/12/41;57;North;1;33100;1;490
1066;909-82-0599;08/03/42;57; East;0;107200;5;2370
1067;172-84-1930;06/01/41;58;South;0;138200;3;1500
1068;110-67-7322;17/05/27;71;North;0;138500;3;1400
1069;284-48-2713;22/07/76;22;North;0;118900;4;2050
1070;484-59-5887;29/06/33;65;East;1;118100;6;3120
1071;178-19-1261;27/09/66;32;South;1;71500;1;500
1072;891-89-7319;14/07/39;59;West;1;68000;8;4200
1073;772-89-4324;07/06/59;39;West;0;76600;3;1620
1074;251-44-1713;09/03/58;41;West;1;55700;3;1530
1075;233-70-7548;11/06/38;60;West;0;43500;4;1860
1076;831-67-7693;30/03/41;58;South;0;98100;3;1470
1077;716-82-5059;29/01/49;50;North;1;27100;2;1050
1078;069-26-0938;22/06/76;22;North;0;109200;3;1430
1079;135-23-3295;09/07/48;50;North;0;51500;3;1550
1080;150-73-0010;20/07/45;53; East;0;43600;5;2580
1081;891-40-6659;06/06/61;37;South;0;106700;4;2110
1082;112-28-0919;29/03/51;48;East;0;115000;4;2010
1083;923-05-1357;22/02/65;34;South;0;36600;2;980
1084;058-09-1127;23/03/62;37;North;1;159700;3;1530
1085;805-33-7007;25/06/35;63;North;0;25600;3;1520
1086;223-24-8511;17/03/32;67;North;1;131100;2;910
1087;593-81-7968;20/07/51;47;South;1;33800;1;530
1088;067-42-1172;05/09/45;53;East;0;154400;3;1570
1089;808-29-7482;28/02/27;-28;South;0;90000;5;2580
1090;623-61-4442;12/09/30;68;South;1;83600;1;380
1091;703-92-5083;10/12/45;53;North;0;58200;3;1640
1092;515-94-0847;15/09/43;55;North;0;153700;2;950
1093;738-32-5923;10/08/66;32; South;0;124900;0;0
1094;299-25-0242;05/08/61;37;North;0;116200;4;1960
1095;080-72-5718;08/08/44;54;West;1;72600;2;930
1096;922-73-1191;03/11/69;29;North;0;128400;4;1970
1097;039-92-6760;04/11/55;43;South;1;104200;3;1580
1098;257-68-8743;23/12/52;46;East;0;149600;5;2580
1099;596-22-8860;13/08/54;44;South;1;142700;1;430
1100;479-33-9528;31/07/33;65;East;0;133100;2;1020
1101;161-27-6844;10/11/74;24;West;0;156200;4;2230
1102;711-12-2576;22/10/41;57;South;0;121900;3;1500
1103;786-64-4777;12/02/40;59;West;0;23800;3;1380
1104;978-40-3597;06/07/36;62;South;0;159500;3;1500
1105;961-63-7497;09/01/39;60;North;0;142700;2;1030
1106;102-74-2447;14/03/30;69;West;0;59300;9999;9999
1107;704-44-0542;18/12/60;38;South;0;123700;2;1080
1108;080-09-5545;23/04/58;40;North;1;149300;4;2050
1109;057-99-7171;27/02/36;63;South;0;135300;4;2020
1110;230-73-0280;12/04/30;69;South;0;45600;1;570
1111;077-72-3796;26/06/64;34;East;0;104300;4;2010
1112;119-23-9048;26/08/67;31;South;0;159300;1;500
1113;515-41-9905;18/03/38;61;West;1;60500;4;1930
1114;698-47-8434;18/05/48;50;West;1;119500;5;2630
1115;341-28-9093;16/10/41;57;West;0;96600;2;990
1116;219-53-0583;08/12/66;32;South;0;83500;3;1470
1117;803-03-3811;28/07/55;43;East;0;96000;2;990
1118;518-41-0909;18/12/70;28;North;1;101300;4;1860
1119;767-66-7357;24/03/38;61;West;0;122600;2;1010
1120;362-52-2449;13/05/65;33;East;0;77600;2;1070
1121;637-23-3846;14/06/54;44;South;0;64000;9999;9999
1122;212-14-2061;10/02/59;40; North;0;114100;3;1390
1123;076-65-9608;14/03/56;43;South;0;28800;4;2050
1124;479-46-0414;05/05/66;32;South;1;36500;2;1010
1125;394-20-9464;20/10/75;23;North;1;129400;9999;9999
1126;418-37-3332;30/08/58;40;North;0;71600;3;1430
1127;690-34-0701;29/12/71;27;North;0;114400;1;560
1128;061-12-1906;17/04/68;30;North;1;125700;3;1540
1129;333-94-6842;16/09/30;68;North;0;44900;4;1950
1130;151-18-5814;06/04/46;53;South;0;154100;5;2610
1131;602-63-2343;17/05/27;71;North;1;67800;3;1520
1132;353-07-1835;19/05/67;31;South;1;141800;1;440
1133;039-69-6898;03/06/40;58;South;0;122000;3;1480
1134;264-76-2347;14/09/35;63;West;0;95600;1;610
1135;151-98-8065;06/02/48;51; South;1;80200;3;1490
1136;580-04-8713;14/05/36;62;South;1;143600;1;400
1137;683-45-0811;21/12/47;51;South;0;141200;2;1080
1138;996-54-5018;01/03/45;54;East;0;155500;1;560
1139;790-08-1327;18/01/49;50;East;1;121200;5;2600
1140;345-43-1713;13/06/37;61;West;1;117400;3;1550
1141;828-29-8794;07/02/74;25;East;0;133700;2;990
1142;760-74-6822;16/02/49;50;North;0;92300;2;530
1143;860-15-4722;04/04/76;23;South;0;50600;3;1600
1144;211-02-9333;13/08/34;64;North;0;71;9999;9999
1145;330-69-3003;17/08/73;25;South;0;150000;4;1990
1146;849-68-8538;08/07/55;43; South;0;42500;2;1040
1147;372-79-7615;23/09/46;52;South;0;98300;5;2520
1148;984-06-3835;28/05/56;42;East;0;122300;2;960
1149;809-77-6881;19/05/56;42;South;0;152500;2;1050
1150;415-29-0497;25/01/46;53;East;0;80100;3;1480
1151;498-17-0158;19/07/50;48;South;1;53300;4;2030
1152;553-72-8498;27/08/57;41;West;0;142700;4;1950
1153;120-25-4946;19/06/60;38;East;0;117800;2;940
1154;985-32-3233;20/04/69;29;South;0;41200;5;2420
1155;327-50-4079;20/04/34;64;South;0;70500;1;480
1156;879-81-3184;31/03/71;28; South;1;110500;4;2060
1157;435-66-2604;15/11/65;33;East;1;124900;2;860
1158;107-11-2338;28/12/41;57;South;1;45300;2;1060
1159;081-00-9916;29/02/60;39;North;1;35600;7;3470
1160;605-53-6023;23/12/66;32;South;0;78100;1;450
1161;897-09-0957;07/03/31;68;North;1;24300;3;1400
1162;997-99-3708;22/05/47;51;North;0;62200;3;1500
1163;492-83-0843;24/12/64;34;North;1;148100;4;2130
1164;032-67-6325;16/03/55;44;East;1;151100;3;1610
1165;728-66-9191;18/07/74;24;West;0;140300;1;540
1166;852-63-9159;19/12/33;65;West;0;80100;2;970
1167;900-32-6808;14/06/30;68;East;0;72000;1;450
1168;777-73-6018;05/12/58;40;East;0;154600;3;1500
1169;732-25-6879;25/12/32;66;East;0;141600;0;0
1170;526-34-7559;03/01/47;52;South;0;124500;0;0
1171;967-49-8339;07/07/41;57;North;1;159200;3;1470
1172;164-39-9740;05/09/46;52;West;1;132000;4;2100
1173;046-22-9784;04/04/52;47;East;0;111600;3;1390
1174;820-33-2287;07/01/54;45;East;0;85000;4;1840
1175;985-98-6212;02/08/30;68; East;0;34000;1;520
1176;643-86-5899;11/06/33;65;West;0;62700;2;940
1177;101-30-3651;03/08/72;26; West;1;26700;2;1030
1178;088-94-4356;19/10/49;49;North;0;30700;1;430
1179;183-40-5102;17/05/27;71;East;0;44800;4;1940
1180;217-79-0179;03/06/54;44;East;0;48400;2;970
1181;546-78-1197;18/03/46;53;North;0;71900;4;2070
1182;681-90-7559;08/04/75;24;West;1;147300;2;980
1183;705-93-6363;23/11/34;64;North;0;150900;1;480
1184;408-31-2563;04/08/72;26;East;0;126400;2;950
1185;654-55-4118;16/11/56;42;West;0;97100;1;510
1186;632-05-5219;29/08/30;68;South;1;41000;3;1420
1187;658-49-0928;26/12/69;29;North;0;30600;2;880
1188;606-04-9875;18/11/42;56;East;1;45500;3;1430
1189;906-11-8339;30/04/62;36;East;1;149600;3;1340
1190;225-41-6714;16/05/48;50;West;1;159000;2;1020
1191;917-91-1499;04/01/57;42;East;0;140900;2;950
1192;635-79-8247;06/03/62;37;North;0;155300;2;1020
1193;368-56-9320;30/09/63;35;South;0;97300;3;1570
1194;264-68-6629;02/01/62;37;North;0;118500;4;1890
1195;806-70-0226;14/10/28;-30;West;0;40600;4;1960
1196;741-58-4837;18/05/33;65;South;1;38300;0;0
1197;270-82-3710;31/05/34;64;West;0;110600;3;1570
1198;027-49-0493;26/04/30;68;West;0;79100;1;510
1199;301-69-3091;23/11/42;56;West;0;151200;6;3040
1200;245-26-2611;02/06/56;42;East;1;58900;7;3550
1201;985-82-4850;13/02/35;64;East;0;61000;2;1070
1202;653-04-9721;18/02/72;27;North;1;27600;4;1940
1203;059-49-5265;05/12/52;46;East;0;140900;2;990
1204;965-20-2088;22/10/31;67;East;1;98700;4;1930
1205;980-61-2452;22/06/33;65;South;1;105300;4;1960
1206;476-46-0529;12/07/32;66;South;0;114700;1;520
1207;285-86-2562;12/07/43;55;West;1;153800;2;1030
1208;224-46-5109;03/06/32;66;South;0;67800;2;860
1209;241-08-3939;25/08/31;67;South;0;128400;5;2540
1210;339-51-2622;11/11/36;62;East;0;139800;2;1140
1211;178-78-1963;28/06/33;65;South;0;24900;4;1970
1212;262-58-2100;06/02/34;65;South;1;57500;3;1500
1213;183-23-7494;07/04/45;54;West;0;57300;4;2040
1214;105-40-6006;11/06/47;51; North;0;41600;5;2480
1215;489-68-5535;24/04/72;26;South;0;72400;3;1550
1216;025-82-3171;10/07/55;43;East;0;69200;6;2930
1217;243-41-4470;25/11/71;27;South;1;126800;3;1490
1218;456-20-8435;03/11/69;29;East;0;124200;4;1880
1219;423-86-8364;17/06/38;60;South;0;130900;3;1490
1220;351-03-3353;16/01/43;56;North;1;24100;4;2030
1221;335-79-1257;28/03/39;60;East;0;136300;2;1030
1222;073-54-4202;25/09/40;58;South;0;61700;3;1500
1223;949-94-6322;03/10/52;46;North;1;152600;3;1450
1224;268-10-5085;06/08/57;41;South;1;63900;3;1500
1225;006-22-5891;16/08/51;47;East;0;125400;4;2070
1226;967-93-1429;25/08/37;61;East;0;52900;5;2570
1227;551-41-4669;27/07/30;68;West;0;156300;4;1920
1228;614-32-3287;01/08/36;62;North;0;124600;3;1420
1229;333-36-1618;02/05/71;27;North;0;154600;3;1420
1230;835-54-3648;03/11/63;35;East;1;95800;5;2520
1231;373-03-5346;17/02/31;68;South;1;58400;2;1060
1232;174-38-1488;11/02/36;63;South;0;26400;3;1410
1233;406-31-4511;30/10/53;45;West;0;104100;2;1030
1234;833-96-9319;13/03/35;64;South;0;48400;1;530
1235;470-28-5741;01/07/52;46;North;0;9999;1;480
1236;833-02-2721;27/04/71;27;South;1;24900;3;1420
1237;141-57-1680;26/04/67;31; East;1;70600;2;1100
1238;524-94-9288;07/10/30;68;East;1;20900;1;490
1239;168-21-9841;07/01/73;26;West;1;28200;2;1050
1240;944-72-0485;21/06/30;68; South;0;95500;1;500
1241;438-36-2724;22/09/72;26;East;1;113400;2;950
1242;281-29-8468;14/07/67;31;West;0;152600;2;950
1243;630-57-2132;20/02/37;62;South;1;104300;4;460
1244;159-37-3947;25/07/60;38; South;0;63100;2;970
1245;687-20-2240;14/10/36;62;West;1;107700;0;0
1246;341-80-2116;01/08/35;63;East;1;140900;5;2520
1247;997-55-2774;24/01/75;24; West;0;40600;3;1560
1248;731-71-3430;13/04/40;59;South;1;107600;4;1910
1249;983-46-2996;11/05/38;60;East;0;33900;5;2400
1250;898-26-5118;09/08/42;56;South;0;22900;3;1480
1251;856-86-8982;29/05/58;40;West;1;97200;1;540
1252;167-28-8402;31/03/46;53; South;1;120700;5;2200
1253;351-72-4435;18/07/66;32;West;0;120600;3;1590
1254;747-75-6160;09/09/72;26;North;0;99200;2;970
1255;913-86-8546;17/11/30;68;South;1;154300;2;1000
1256;266-56-4536;16/10/34;64;West;0;47400;3;1550
1257;885-29-1136;27/10/45;53;East;0;120400;1;510
1258;753-42-4274;01/12/47;51;North;1;78400;0;0
1259;408-35-4140;31/12/67;31;North;0;97800;2;1090
1260;755-82-5811;20/08/58;40; South;0;82700;3;1380
1261;518-77-7669;22/05/34;64; South;0;151900;3;1560
1262;509-84-3069;03/08/62;36;West;0;134600;3;1500
1263;324-98-1904;02/02/37;62;East;1;27900;5;2670
1264;289-51-8983;25/08/59;39;North;0;143800;2;930
1265;025-15-9782;24/12/64;34;East;1;23400;3;1410
1266;673-40-1316;14/07/33;65;South;0;131000;3;1780
1267;768-00-0968;20/06/35;63;South;0;129200;1;510
1268;244-52-5893;10/11/43;55;North;0;75900;3;1550
1269;148-63-5267;24/08/46;52;North;0;24300;4;1860
1270;008-77-0111;11/06/76;22;West;0;102900;3;1400
1271;718-39-5800;15/05/63;35;South;1;143500;4;2160
1272;439-46-6397;10/09/64;34; East;0;92200;6;450
1273;324-92-1807;24/01/52;47;West;1;33300;5;2470
1274;596-32-6994;05/10/43;55;South;1;23000;1;510
1275;976-21-4657;20/09/55;43;North;1;53100;3;1370
1276;445-67-5466;15/09/68;30;South;0;79500;4;1970
1277;612-11-3112;11/12/64;34; East;1;29000;2;870
1278;958-09-2394;07/10/60;38;South;1;101000;3;1380
1279;408-24-0932;27/06/51;47;North;1;155800;2;1040
1280;463-41-9544;10/01/55;44;North;1;44500;4;1960
1281;219-26-6716;25/07/57;41;East;1;50300;4;2070
1282;227-58-0259;28/09/44;54;East;0;49800;6;2930
1283;958-71-7338;11/12/69;29;East;0;124800;3;1490
1284;399-85-6052;01/08/63;35;East;0;70100;4;2130
1285;525-87-7526;04/04/38;61;South;0;154500;5;2670
1286;380-22-0359;05/12/34;64;South;1;54100;2;1030
1287;816-54-1224;06/06/51;47;East;0;77500;6;3120
1288;577-87-6550;08/11/36;62;South;1;107100;2;930
1289;159-74-8545;30/10/76;22;South;1;77300;1;510
1290;702-86-2285;29/03/46;53; West;0;48500;3;1560
1291;796-28-6012;17/01/72;27;East;1;93400;1;570
1292;910-95-9785;12/12/75;23;West;0;33200;1;490
1293;152-34-6284;20/05/44;54;South;0;63300;5;2360
1294;681-80-1687;20/10/59;39;North;0;155100;3;1510
1295;825-61-0829;04/04/37;62;North;0;95600;2;940
1296;323-01-9997;17/08/40;58;West;0;132500;6;3120
1297;548-96-4204;15/06/52;46;South;0;116700;1;430
1298;552-06-0509;12/10/37;61;North;0;23700;9999;9999
1299;128-80-7657;07/02/37;62;East;1;141200;3;1380
1300;107-76-2741;19/09/69;29;West;1;97400;1;520
1301;116-66-6831;14/09/39;59;North;1;46700;3;1560
1302;766-21-6147;22/03/61;38;West;1;47900;1;560
1303;909-87-2958;18/04/72;26;East;1;79700;3;1640
1304;529-49-2676;24/01/73;26;West;0;30400;2;840
1305;189-61-8375;11/09/58;40;West;0;133800;1;540
1306;976-92-7590;02/08/40;58; North;1;149100;3;1540
1307;215-12-8075;07/07/39;59;East;0;83100;4;1890
1308;308-69-6046;13/07/35;63;West;1;155400;4;2050
1309;679-74-8637;16/06/68;30;East;0;73300;5;2450
1310;380-84-2860;17/10/28;-30;West;0;91800;2;980
1311;511-72-4531;04/04/61;38;South;1;23600;5;2670
1312;724-46-0865;17/08/40;58;West;1;81100;2;980
1313;041-74-0192;04/12/59;39;East;0;25900;3;510
1314;762-95-2151;22/10/45;53;West;0;66400;3;1510
1315;106-85-5312;11/02/53;46;North;0;39700;3;1470
1316;068-35-5834;07/02/43;56;South;0;116100;3;1550
1317;278-74-8504;10/04/76;23;South;0;98100;1;500
1318;230-78-4944;21/02/33;66;West;0;52100;2;1070
1319;006-48-5947;19/08/31;67;North;0;157000;4;1920
1320;915-05-0486;10/01/53;46;South;1;114300;3;1550
1321;025-17-9557;29/10/30;68;North;1;109900;4;1860
1322;384-57-1132;25/06/69;29;East;0;107400;4;2040
1323;771-89-1694;07/12/49;49;East;0;146800;3;1520
1324;870-69-5027;18/10/51;47;West;1;67000;1;470
1325;224-51-7097;08/04/70;29;North;0;88500;5;2520
1326;547-66-6547;22/09/53;45;North;1;40000;4;2020
1327;043-73-1703;10/07/43;55;West;0;94400;2;940
1328;083-55-9161;16/08/63;35;South;1;111000;2;1080
1329;678-19-0332;17/05/27;71;West;0;83900;5;2710
1330;245-80-8368;01/05/37;61;West;0;82500;2;950
1331;745-63-6259;22/07/58;40;South;0;63700;3;480
1332;722-66-3249;18/11/55;43;East;0;146200;1;530
1333;689-48-6409;02/06/47;51;South;0;125600;1;540
1334;539-00-7314;09/01/43;56;East;0;54400;2;460
1335;966-02-4843;30/07/41;57; South;1;52900;5;2560
1336;819-95-4867;01/04/38;61;West;0;49400;2;1050
1337;776-56-0643;03/04/32;67;East;0;131600;3;1660
1338;071-96-8602;01/10/55;43;North;1;132700;5;2520
1339;914-79-5796;24/10/51;47;South;0;101100;4;2050
1340;352-15-0921;18/06/71;27;East;0;85100;3;1520
1341;031-96-4292;29/09/70;28;North;0;128500;2;950
1342;619-12-0177;08/07/65;33;West;1;139500;6;2850
1343;435-02-2521;24/08/42;56;West;1;43;5;2600
1344;990-99-1372;31/08/40;58;North;1;100400;1;580
1345;586-09-2434;07/02/75;24;South;1;87700;1;490
1346;247-85-4861;07/09/54;44;West;0;61500;3;1440
1347;322-29-3597;15/03/42;57;East;1;92700;2;970
1348;322-98-9822;03/04/76;23; North;0;30900;2;520
1349;737-80-5180;11/01/43;56;South;0;136700;4;1970
1350;047-55-6574;28/10/48;50;South;1;87400;5;2400
1351;528-11-1665;07/10/75;23;South;1;50400;1;480
1352;092-31-0115;29/01/73;26;North;0;96000;1;520
1353;219-01-0920;31/10/38;60;East;0;158200;6;2820
1354;678-44-0274;13/10/37;61;North;0;139700;5;2680
1355;861-66-4637;01/12/44;54;South;1;121000;1;500
1356;801-41-0886;15/04/31;67;East;1;26500;4;2020
1357;204-20-4440;15/09/63;35;South;0;145300;7;3280
1358;862-30-4596;16/06/47;51;North;0;21200;6;2980
1359;514-29-3487;24/02/54;45;West;1;117000;1;490
1360;851-72-6644;18/09/69;29;North;1;108400;2;1100
1361;581-46-9661;24/10/37;61;South;1;61500;3;1460
1362;434-99-7232;08/05/41;57;South;0;117900;3;1440
1363;470-99-2670;31/10/50;48;West;0;86300;4;1940
1364;884-48-6265;01/01/59;40;East;0;148600;3;1520
1365;058-70-2208;30/12/43;55;North;1;119800;5;2600
1366;124-62-0332;14/11/37;61;East;1;73300;4;2070
1367;540-52-9102;05/01/35;64;East;0;150100;1;550
1368;096-54-1636;04/11/39;59; South;1;109800;2;1040
1369;311-33-0149;14/07/76;22; North;0;91000;0;0
1370;929-28-2793;19/11/70;28;North;0;149500;4;2010
1371;963-61-9085;22/05/51;47;South;0;153500;4;1970
1372;206-14-2042;22/01/71;28;South;1;151200;2;930
1373;412-26-7505;19/06/33;65;East;1;144800;2;970
1374;598-75-2052;10/12/60;38;North;1;34300;3;1470
1375;693-89-6492;29/10/30;68;South;0;47400;4;1970
1376;723-02-9070;03/05/36;62;North;0;64900;2;1040
1377;169-65-2769;30/01/44;55;West;0;42000;1;530
1378;663-90-6531;10/10/30;68;East;0;114800;4;1860
1379;819-64-0950;03/10/66;32;East;1;156400;5;2440
1380;409-48-9762;12/01/45;54;West;0;25700;5;2420
1381;981-51-2592;10/05/67;31;North;0;122600;2;600
1382;626-94-3937;15/01/66;33;North;0;97200;2;1020
1383;688-74-5670;08/10/30;68;South;0;101400;3;1470
1384;515-35-2144;26/09/45;53;East;1;105400;5;2700
1385;359-87-2870;21/07/52;46;West;1;122400;3;1350
1386;071-92-1603;02/07/39;59;North;0;117300;3;1530
1387;105-09-3958;12/07/47;51; West;0;109100;0;0
1388;508-64-4463;21/03/59;40;East;1;60900;1;560
1389;562-21-6809;22/02/61;38;West;1;80200;2;1020
1390;767-45-1352;23/09/50;48;North;0;30000;2;870
1391;970-99-5121;27/12/49;49;South;1;135200;5;2600
1392;520-47-1678;29/01/50;49;North;1;79700;6;3010
1393;753-08-4314;29/08/40;58;East;1;53700;5;2520
1394;418-33-5677;10/08/75;23;North;0;74300;1;420
1395;842-40-2244;06/08/37;61;West;0;120900;0;0
1396;778-36-9227;28/06/37;61;North;0;136700;5;2470
1397;914-80-0287;16/09/37;61;South;0;92000;3;1350
1398;864-42-9498;21/02/45;54;South;1;33100;5;2460
1399;601-79-1123;10/10/67;31;East;1;140500;4;1990
1400;792-14-2308;27/02/33;66;South;0;70600;5;2540
1401;361-76-6773;10/03/47;52;East;0;142200;5;2550
1402;189-90-8895;07/07/46;52;East;1;77800;4;1790
1403;697-98-8980;14/05/76;22;South;1;25600;3;1460
1404;797-11-2848;16/06/57;41;East;0;71400;1;500
1405;655-12-9257;05/09/69;29;West;0;123400;2;960
1406;398-60-9596;13/12/58;40;South;0;122500;3;1580
1407;689-73-2344;16/06/49;49;West;0;54800;3;1520
1408;579-24-1299;02/04/61;38;North;0;109000;4;2120
1409;528-10-8596;06/04/59;40;East;1;34300;8;4010
1410;823-71-1745;02/02/37;62;South;0;109300;4;2140
1411;947-05-2348;19/07/73;25;East;0;130300;3;1620
1412;037-57-5413;12/06/68;30;South;0;127200;3;1510
1413;361-27-1302;08/03/73;26;West;1;36100;3;1480
1414;202-45-1925;21/11/41;57;East;0;28600;1;550
1415;017-40-2779;19/09/64;34;West;1;37700;3;1560
1416;712-36-8543;20/06/72;26;South;0;114500;2;920
1417;158-11-2118;17/03/49;50;East;0;71000;4;1990
1418;190-29-0693;25/04/34;64; East;0;48000;0;0
1419;990-10-2823;25/05/68;30;North;0;62300;4;1940
1420;301-60-6282;12/12/71;27;East;0;97200;1;530
1421;046-92-6356;27/12/52;46;North;0;61100;4;2030
1422;589-50-1093;11/12/46;52;South;0;103100;6;3160
1423;281-71-1245;01/10/40;58;East;0;150900;1;550
1424;309-03-5224;11/02/53;46;West;0;100700;4;2090
1425;814-97-4282;01/07/53;45; West;1;24400;1;550
1426;482-44-8033;16/03/70;29;East;0;157800;1;480
1427;182-48-9138;18/05/40;58;East;0;105000;9;4450
1428;153-95-9291;31/01/63;36;West;0;79800;1;540
1429;096-32-4440;13/02/63;36; East;1;129300;4;1940
1430;056-12-9102;06/05/42;56; North;0;83400;2;930
1431;048-15-1644;08/04/74;25;East;0;100300;2;1130
1432;114-48-1515;23/11/73;25;South;0;76100;4;2050
1433;346-96-9990;20/11/53;45;East;0;66200;3;1460
1434;627-23-1966;01/12/67;31;West;0;25400;2;1070
1435;728-37-4208;09/08/69;29;West;1;159100;2;970
1436;411-80-3744;06/09/74;24;East;0;84200;3;1410
1437;087-40-4340;10/07/62;36;South;1;37800;1;510
1438;452-69-6883;16/01/74;25; South;0;116400;9999;9999
1439;033-31-1058;10/02/53;46;North;0;146900;4;2090
1440;161-48-7116;07/04/31;68;North;1;33700;1;500
1441;006-14-1331;07/03/64;35;West;0;77400;2;930
1442;021-01-9050;23/12/66;32;East;1;137800;3;1630
1443;316-48-8562;15/11/36;62;West;0;95500;4;2090
1444;105-46-6208;28/06/47;51;East;0;82900;3;1520
1445;179-18-9278;12/02/66;33;East;0;157400;4;1910
1446;511-19-1855;09/11/39;59;South;1;52600;2;1030
1447;850-70-1843;22/03/42;57;East;0;101000;2;1030
1448;255-87-4184;04/04/67;32;South;0;103600;3;1470
1449;470-18-7823;03/06/46;52;South;1;123400;2;1040
1450;633-81-0805;01/01/56;43;West;1;157800;7;3410
1451;746-54-2341;06/09/69;29;North;1;98500;2;990
1452;874-40-5083;19/02/76;23; West;0;62800;2;970
1453;351-18-0499;02/05/69;29;South;0;70500;4;1980
1454;236-44-8619;23/05/32;66;South;1;150500;2;1110
1455;169-31-5478;19/06/45;53;North;1;144600;2;1170
1456;303-86-0680;10/12/62;36;South;1;154200;7;3610
1457;131-37-7402;22/12/60;38; South;1;35500;2;930
1458;527-18-0720;03/11/37;61;East;0;82400;2;1010
1459;647-17-8514;31/05/41;57;East;0;74800;4;1890
1460;129-55-3942;12/11/74;24;South;0;29000;3;1660
1461;904-62-9040;27/12/70;28;East;0;79600;5;2320
1462;457-26-8607;23/11/58;40;West;0;62100;1;470
1463;313-95-3849;11/10/51;47;West;0;132600;1;560
1464;907-46-0722;28/07/69;29;South;0;59800;4;1880
1465;647-68-7163;12/05/54;44;East;1;68600;3;1660
1466;039-38-0584;18/07/49;49; East;0;155400;5;2590
1467;269-37-8913;11/01/57;42;North;1;92300;6;2990
1468;920-12-1121;24/07/58;40;West;1;58900;7;3290
1469;719-98-9028;15/03/69;30;North;1;91300;3;470
1470;946-96-9758;04/09/71;27;West;0;46900;5;2350
1471;491-57-3083;02/05/60;38;South;0;86500;2;1110
1472;368-23-0763;24/04/50;48;East;0;126800;1;510
1473;955-75-1871;10/10/44;54;North;0;106300;3;1510
1474;398-78-6899;17/12/74;24;East;1;58700;2;1040
1475;592-76-2035;19/12/58;40;East;0;31000;4;1830
1476;178-44-7525;12/01/62;37;North;1;110800;4;1930
1477;070-93-0068;23/08/52;46;North;1;20000;6;3060
1478;265-89-7966;18/04/71;27;North;0;57800;4;1900
1479;208-32-8324;25/08/56;42;East;0;154100;0;0
1480;276-36-6086;25/07/44;54;West;0;54800;2;1000
1481;005-06-4020;16/06/52;46;South;1;42700;6;2890
1482;825-37-4303;24/10/61;37;East;0;70900;1;510
1483;425-06-5062;29/04/65;33;North;1;65600;5;2500
1484;883-36-5815;23/11/71;27;North;1;134600;3;1500
1485;664-44-3655;20/01/33;66;East;1;117900;6;3310
1486;038-72-8622;19/04/65;33; West;1;117900;3;1460
1487;496-69-6574;06/08/33;65;East;1;111200;1;560
1488;782-98-9539;27/12/55;43;South;0;63000;2;1030
1489;642-14-9012;16/01/34;65;North;0;36400;3;1360
1490;287-48-5517;21/07/30;68;South;0;114500;3;1500
1491;766-67-0139;15/03/42;57;North;0;64300;5;2330
1492;251-91-5281;10/02/64;35;South;0;126600;2;940
1493;542-84-9996;03/11/75;23;South;1;29700;3;1640
1494;880-57-0607;14/03/48;51;West;0;102700;5;2480
1495;632-29-6841;06/02/45;54;West;1;89700;2;1000
1496;347-70-0762;28/09/65;33;West;0;71800;2;970
1497;638-19-2849;31/07/30;68; South;0;121100;5;2540
1498;670-57-4549;21/07/54;44;North;1;64000;4;2160
1499;166-84-2698;30/10/66;32;South;0;91000;6;2910
1500;366-03-5021;23/09/34;64;South;0;121400;1;530
